"Date","Price","Open","High","Low","Vol.","Change %"
"12/31/2025","55.80","56.03","56.15","55.76","2.23M","-0.61%"
"12/30/2025","56.14","56.05","56.23","56.01","1.56M","-0.14%"
"12/29/2025","56.22","56.17","56.24","56.08","1.95M","0.30%"
"12/26/2025","56.05","56.20","56.25","55.94","1.56M","-0.18%"
"12/24/2025","56.15","56.01","56.19","55.96","1.20M","0.52%"
"12/23/2025","55.86","55.61","55.90","55.58","1.99M","0.13%"
"12/22/2025","55.79","55.82","55.84","55.73","1.79M","-0.11%"
"12/19/2025","55.85","55.93","56.02","55.82","2.00M","-0.39%"
"12/18/2025","56.07","56.03","56.17","55.99","1.99M","0.04%"
"12/17/2025","56.05","55.94","56.16","55.92","1.59M","-0.09%"
"12/16/2025","56.10","55.68","56.12","55.67","2.37M","0.50%"
"12/15/2025","55.82","55.97","56.07","55.80","2.03M","0.11%"
"12/12/2025","55.76","55.76","55.84","55.67","2.27M","-0.85%"
"12/11/2025","56.24","56.52","56.60","56.22","1.62M","-0.07%"
"12/10/2025","56.28","56.07","56.38","56.00","2.81M","0.39%"
"12/09/2025","56.06","56.29","56.30","56.01","2.06M","0.05%"
"12/08/2025","56.03","56.22","56.23","55.85","1.82M","-0.34%"
"12/05/2025","56.22","56.43","56.45","56.15","1.66M","-0.43%"
"12/04/2025","56.46","56.64","56.66","56.41","1.48M","-0.49%"
"12/03/2025","56.74","56.66","56.79","56.56","1.52M","0.25%"
"12/02/2025","56.60","56.44","56.65","56.38","1.82M","0.09%"
"12/01/2025","56.55","56.62","56.69","56.52","3.20M","-1.48%"
"11/28/2025","57.40","57.59","57.60","57.27","2.02M","-0.45%"
"11/26/2025","57.66","57.40","57.66","57.22","1.63M","0.35%"
"11/25/2025","57.46","57.47","57.64","57.39","2.25M","0.33%"
"11/24/2025","57.27","57.25","57.33","57.17","1.79M","0.49%"
"11/21/2025","56.99","57.10","57.12","56.84","2.33M","0.25%"
"11/20/2025","56.85","56.70","56.94","56.69","1.57M","0.35%"
"11/19/2025","56.65","56.82","56.87","56.61","2.21M","-0.11%"
"11/18/2025","56.71","56.89","56.95","56.58","2.39M","-0.07%"
"11/17/2025","56.75","56.72","56.85","56.65","1.61M","0.27%"
"11/14/2025","56.60","57.12","57.15","56.59","2.00M","-0.51%"
"11/13/2025","56.89","57.10","57.19","56.88","2.31M","-0.70%"
"11/12/2025","57.29","57.20","57.41","57.17","1.67M","0.17%"
"11/11/2025","57.19","57.17","57.25","57.09","1.16M","0.44%"
"11/10/2025","56.94","56.92","57.03","56.87","1.41M","-0.05%"
"11/07/2025","56.97","56.84","57.15","56.84","1.59M","-0.19%"
"11/06/2025","57.08","56.95","57.13","56.94","1.21M","0.88%"
"11/05/2025","56.58","56.92","56.94","56.55","1.63M","-1.03%"
"11/04/2025","57.17","57.07","57.23","57.06","1.65M","0.21%"
"11/03/2025","57.05","57.02","57.10","56.87","2.62M","-0.59%"
"10/31/2025","57.39","57.52","57.56","57.33","2.49M","-0.24%"
"10/30/2025","57.53","57.39","57.72","57.38","2.05M","-0.47%"
"10/29/2025","57.80","58.26","58.27","57.76","5.10M","-0.93%"
"10/28/2025","58.34","58.25","58.43","58.23","1.49M","0.21%"
"10/27/2025","58.22","57.95","58.22","57.82","1.58M","0.31%"
"10/24/2025","58.04","58.11","58.12","57.87","1.45M","0.02%"
"10/23/2025","58.03","58.12","58.21","57.94","1.35M","-0.60%"
"10/22/2025","58.38","58.33","58.44","58.24","1.32M","0.07%"
"10/21/2025","58.34","58.34","58.44","58.29","1.23M","0.45%"
"10/20/2025","58.08","58.02","58.09","57.94","987.53K","0.38%"
"10/17/2025","57.86","57.92","57.93","57.71","1.78M","-0.22%"
"10/16/2025","57.99","57.50","58.06","57.47","1.67M","0.73%"
"10/15/2025","57.57","57.75","57.95","57.47","2.10M","-0.23%"
"10/14/2025","57.70","57.58","57.73","57.46","1.96M","0.35%"
"10/13/2025","57.50","57.35","57.52","57.11","1.32M","-0.05%"
"10/10/2025","57.53","57.21","57.61","57.15","1.77M","1.41%"
"10/09/2025","56.73","56.73","56.80","56.63","1.04M","-0.09%"
"10/08/2025","56.78","56.99","57.00","56.71","1.49M","0.07%"
"10/07/2025","56.74","56.61","56.87","56.54","1.32M","0.53%"
"10/06/2025","56.44","56.47","56.73","56.43","1.76M","-0.67%"
"10/03/2025","56.82","57.00","57.05","56.79","1.75M","-0.23%"
"10/02/2025","56.95","56.82","57.04","56.75","1.43M","0.28%"
"10/01/2025","56.79","56.90","57.01","56.69","2.41M","-0.12%"
"09/30/2025","56.86","57.01","57.22","56.78","2.22M","-0.21%"
"09/29/2025","56.98","56.80","57.05","56.78","1.05M","0.74%"
"09/26/2025","56.56","56.62","56.89","56.47","1.81M","-0.12%"
"09/25/2025","56.63","56.57","56.65","56.34","1.26M","-0.07%"
"09/24/2025","56.67","56.72","56.76","56.52","882.80K","-0.35%"
"09/23/2025","56.87","56.65","56.88","56.54","1.67M","0.65%"
"09/22/2025","56.50","56.57","56.63","56.41","1.56M","-0.32%"
"09/19/2025","56.68","56.69","56.79","56.54","1.21M","-0.16%"
"09/18/2025","56.77","56.81","56.94","56.61","1.80M","-0.89%"
"09/17/2025","57.28","57.62","57.84","57.15","3.06M","-0.23%"
"09/16/2025","57.41","57.29","57.51","57.26","2.94M","0.14%"
"09/15/2025","57.33","57.32","57.47","57.28","1.31M","0.26%"
"09/12/2025","57.18","57.13","57.22","56.95","1.69M","-0.40%"
"09/11/2025","57.41","57.20","57.53","57.20","1.83M","0.53%"
"09/10/2025","57.11","56.95","57.31","56.81","2.53M","0.51%"
"09/09/2025","56.82","56.94","57.02","56.69","1.89M","-0.46%"
"09/08/2025","57.08","56.81","57.11","56.78","2.83M","1.12%"
"09/05/2025","56.45","56.29","56.50","56.25","2.26M","1.36%"
"09/04/2025","55.69","55.58","55.69","55.33","4.87M","0.65%"
"09/03/2025","55.33","54.94","55.46","54.92","1.83M","0.95%"
"09/02/2025","54.81","54.78","54.90","54.70","2.27M","-1.05%"
"08/29/2025","55.39","55.44","55.49","55.26","4.66M","-0.52%"
"08/28/2025","55.68","55.44","55.71","55.37","2.22M","0.58%"
"08/27/2025","55.36","55.05","55.37","54.99","1.66M","-0.07%"
"08/26/2025","55.40","55.26","55.42","55.10","1.60M","-0.02%"
"08/25/2025","55.41","55.36","55.53","55.31","1.28M","-0.22%"
"08/22/2025","55.53","55.37","55.67","55.31","2.71M","0.73%"
"08/21/2025","55.13","55.23","55.28","54.96","1.49M","-0.47%"
"08/20/2025","55.39","55.25","55.47","55.23","1.15M","0.16%"
"08/19/2025","55.30","55.14","55.33","55.14","1.46M","0.53%"
"08/18/2025","55.01","55.18","55.20","54.89","1.51M","-0.24%"
"08/15/2025","55.14","55.27","55.35","55.05","1.18M","-0.61%"
"08/14/2025","55.48","55.76","55.76","55.42","1.39M","-0.70%"
"08/13/2025","55.87","55.76","55.95","55.74","1.45M","0.78%"
"08/12/2025","55.44","55.42","55.46","55.22","2.36M","-0.47%"
"08/11/2025","55.70","55.77","55.85","55.63","973.01K","0.11%"
"08/08/2025","55.64","55.66","55.68","55.55","854.23K","-0.38%"
"08/07/2025","55.85","55.97","56.16","55.79","2.45M","-0.13%"
"08/06/2025","55.92","55.94","56.05","55.37","3.49M","-0.53%"
"08/05/2025","56.22","55.97","56.29","55.92","1.63M","0.27%"
"08/04/2025","56.07","56.02","56.13","55.85","1.35M","0.25%"
"08/01/2025","55.93","55.75","56.00","55.74","2.55M","0.94%"
"07/31/2025","55.41","55.51","55.65","55.35","2.10M","0.16%"
"07/30/2025","55.32","55.29","55.42","55.18","2.85M","-0.54%"
"07/29/2025","55.62","54.99","55.62","54.98","2.48M","1.51%"
"07/28/2025","54.79","54.85","54.96","54.75","1.96M","-0.53%"
"07/25/2025","55.08","54.75","55.08","54.69","1.26M","0.53%"
"07/24/2025","54.79","54.56","54.97","54.54","1.57M","-0.13%"
"07/23/2025","54.86","54.89","54.97","54.74","1.61M","-0.51%"
"07/22/2025","55.14","54.93","55.28","54.91","1.52M","0.55%"
"07/21/2025","54.84","54.97","55.13","54.82","1.20M","0.79%"
"07/18/2025","54.41","54.48","54.51","54.31","1.57M","0.22%"
"07/17/2025","54.29","54.35","54.50","54.21","1.66M","-0.04%"
"07/16/2025","54.31","54.38","54.59","53.77","6.40M","0.18%"
"07/15/2025","54.21","54.74","54.74","54.15","3.11M","-0.68%"
"07/14/2025","54.58","54.53","54.74","54.40","1.37M","-0.15%"
"07/11/2025","54.66","54.92","54.95","54.60","1.18M","-1.26%"
"07/10/2025","55.36","55.28","55.41","55.09","1.12M","0.09%"
"07/09/2025","55.31","54.89","55.32","54.89","2.09M","0.97%"
"07/08/2025","54.78","54.52","54.79","54.47","1.22M","-0.15%"
"07/07/2025","54.86","55.09","55.11","54.74","1.72M","-0.90%"
"07/03/2025","55.36","55.46","55.52","55.27","1.81M","-0.54%"
"07/02/2025","55.66","55.47","55.67","55.42","2.06M","-0.57%"
"07/01/2025","55.98","56.01","56.13","55.74","2.23M","-0.25%"
"06/30/2025","56.12","55.89","56.22","55.74","2.64M","0.92%"
"06/27/2025","55.61","55.73","56.05","55.53","1.65M","-0.55%"
"06/26/2025","55.92","55.73","55.94","55.52","1.49M","0.43%"
"06/25/2025","55.68","55.46","55.69","55.30","1.19M","0.05%"
"06/24/2025","55.65","55.10","55.74","55.08","1.69M","0.65%"
"06/23/2025","55.29","55.35","55.65","55.26","2.17M","0.38%"
"06/20/2025","55.08","54.86","55.26","54.76","1.33M","-0.13%"
"06/18/2025","55.15","55.30","55.42","55.00","1.96M","0.11%"
"06/17/2025","55.09","54.80","55.16","54.65","1.53M","1.10%"
"06/16/2025","54.49","54.81","55.04","54.48","1.96M","-0.82%"
"06/13/2025","54.94","55.20","55.28","54.65","1.95M","-0.94%"
"06/12/2025","55.46","55.31","55.48","55.15","1.89M","1.11%"
"06/11/2025","54.85","54.66","55.00","54.60","1.99M","0.37%"
"06/10/2025","54.65","54.83","54.85","54.48","1.29M","0.42%"
"06/09/2025","54.42","54.18","54.54","54.18","1.70M","0.13%"
"06/06/2025","54.35","54.59","54.68","54.31","1.73M","-1.22%"
"06/05/2025","55.02","55.16","55.31","54.91","1.88M","0.00%"
"06/04/2025","55.02","54.65","55.16","54.56","2.63M","1.53%"
"06/03/2025","54.19","54.45","54.61","54.12","1.92M","-0.13%"
"06/02/2025","54.26","54.35","54.47","54.07","3.01M","-1.29%"
"05/30/2025","54.97","54.82","55.04","54.71","3.09M","0.27%"
"05/29/2025","54.82","54.60","54.92","54.54","2.35M","0.85%"
"05/28/2025","54.36","54.38","54.47","54.15","2.97M","-0.46%"
"05/27/2025","54.61","54.34","54.75","54.23","3.46M","1.24%"
"05/23/2025","53.94","54.04","54.08","53.79","3.11M","0.24%"
"05/22/2025","53.81","53.31","53.83","53.17","4.24M","0.50%"
"05/21/2025","53.54","53.97","54.17","53.42","4.40M","-1.54%"
"05/20/2025","54.38","54.41","54.50","54.18","2.58M","-0.66%"
"05/19/2025","54.74","54.08","54.78","54.04","3.61M","-0.29%"
"05/16/2025","54.90","55.23","55.26","54.85","2.40M","0.18%"
"05/15/2025","54.80","54.50","54.91","54.43","2.92M","0.87%"
"05/14/2025","54.33","54.55","54.63","54.24","3.21M","-0.57%"
"05/13/2025","54.64","54.79","54.88","54.44","2.72M","-0.42%"
"05/12/2025","54.87","54.93","55.16","54.83","1.72M","-0.89%"
"05/09/2025","55.36","55.33","55.49","55.27","877.01K","0.16%"
"05/08/2025","55.27","55.89","55.93","55.25","1.22M","-1.06%"
"05/07/2025","55.86","55.87","56.04","55.81","2.18M","0.43%"
"05/06/2025","55.62","55.27","55.63","55.12","1.64M","0.25%"
"05/05/2025","55.48","55.55","55.56","55.22","1.74M","-0.47%"
"05/02/2025","55.74","55.75","55.94","55.63","1.71M","-0.99%"
"05/01/2025","56.30","56.64","56.69","56.09","1.79M","-0.95%"
"04/30/2025","56.84","56.96","57.10","56.72","2.74M","-0.56%"
"04/29/2025","57.16","56.69","57.18","56.65","1.21M","0.78%"
"04/28/2025","56.72","56.26","56.78","56.26","1.06M","0.55%"
"04/25/2025","56.41","56.44","56.54","56.24","1.72M","0.66%"
"04/24/2025","56.04","55.89","56.09","55.76","1.75M","0.95%"
"04/23/2025","55.51","56.35","56.49","55.38","4.85M","0.91%"
"04/22/2025","55.01","55.13","55.30","54.94","2.08M","0.55%"
"04/21/2025","54.71","55.08","55.36","54.69","1.52M","-1.64%"
"04/17/2025","55.62","55.90","56.00","55.45","1.40M","-0.80%"
"04/16/2025","56.07","55.72","56.17","55.55","2.50M","0.57%"
"04/15/2025","55.75","55.38","55.96","55.31","1.23M","0.32%"
"04/14/2025","55.57","55.45","55.65","55.15","5.97M","0.80%"
"04/11/2025","55.13","54.63","55.35","54.02","7.26M","0.24%"
"04/10/2025","55.00","55.71","55.98","54.92","4.33M","-2.24%"
"04/09/2025","56.26","55.24","56.28","54.59","8.98M","0.32%"
"04/08/2025","56.08","56.55","57.14","55.99","3.45M","-1.72%"
"04/07/2025","57.06","58.24","58.35","56.92","8.85M","-2.81%"
"04/04/2025","58.71","59.17","59.46","58.67","9.09M","0.89%"
"04/03/2025","58.19","58.52","58.67","58.17","2.84M","0.69%"
"04/02/2025","57.79","58.34","58.35","57.37","2.24M","-0.09%"
"04/01/2025","57.84","57.72","58.11","57.69","2.51M","0.40%"
"03/31/2025","57.61","57.75","57.81","57.25","2.62M","0.77%"
"03/28/2025","57.17","56.97","57.25","56.94","2.13M","1.37%"
"03/27/2025","56.40","56.37","56.47","56.24","1.38M","-0.30%"
"03/26/2025","56.57","56.66","56.78","56.51","2.06M","-0.60%"
"03/25/2025","56.91","56.75","57.05","56.74","1.23M","0.11%"
"03/24/2025","56.85","57.14","57.15","56.83","1.97M","-1.01%"
"03/21/2025","57.43","57.78","57.83","57.40","1.58M","-0.52%"
"03/20/2025","57.73","58.26","58.26","57.64","1.80M","0.21%"
"03/19/2025","57.61","57.32","57.65","57.16","1.58M","0.40%"
"03/18/2025","57.38","57.01","57.54","57.01","1.69M","0.17%"
"03/17/2025","57.28","57.41","57.64","57.17","1.71M","0.39%"
"03/14/2025","57.06","56.97","57.21","56.89","2.62M","-0.51%"
"03/13/2025","57.35","56.73","57.38","56.61","2.21M","0.81%"
"03/12/2025","56.89","56.98","57.17","56.84","1.65M","-0.58%"
"03/11/2025","57.22","57.52","57.84","57.04","3.95M","-0.66%"
"03/10/2025","57.60","57.58","57.90","57.48","2.40M","1.02%"
"03/07/2025","57.02","57.60","57.60","56.93","1.99M","-0.30%"
"03/06/2025","57.19","57.22","57.38","56.79","2.45M","-0.26%"
"03/05/2025","57.34","57.85","57.99","57.30","3.60M","-0.83%"
"03/04/2025","57.82","58.34","58.56","57.69","3.11M","-1.04%"
"03/03/2025","58.43","57.74","58.47","57.74","2.51M","0.19%"
"02/28/2025","58.32","58.01","58.37","57.79","4.07M","1.11%"
"02/27/2025","57.68","57.66","57.92","57.60","1.98M","-0.59%"
"02/26/2025","58.02","57.69","58.08","57.58","4.64M","0.55%"
"02/25/2025","57.70","57.49","57.76","57.40","2.58M","1.53%"
"02/24/2025","56.83","56.54","56.95","56.49","1.86M","0.26%"
"02/21/2025","56.68","56.23","56.85","56.21","2.34M","1.12%"
"02/20/2025","56.05","56.00","56.18","56.00","1.18M","0.32%"
"02/19/2025","55.87","55.74","56.00","55.67","1.41M","0.09%"
"02/18/2025","55.82","56.05","56.23","55.78","1.41M","-1.06%"
"02/14/2025","56.42","56.50","56.69","56.38","1.33M","0.61%"
"02/13/2025","56.08","55.75","56.22","55.70","1.73M","1.48%"
"02/12/2025","55.26","55.28","55.45","55.04","1.98M","-1.29%"
"02/11/2025","55.98","56.02","56.10","55.94","1.40M","-0.59%"
"02/10/2025","56.31","56.44","56.60","56.22","1.63M","-0.23%"
"02/07/2025","56.44","56.41","56.54","56.25","1.53M","-0.58%"
"02/06/2025","56.77","56.76","56.94","56.59","2.26M","0.02%"
"02/05/2025","56.76","56.51","56.94","56.49","1.77M","1.47%"
"02/04/2025","55.94","55.43","55.96","55.40","2.32M","0.30%"
"02/03/2025","55.77","56.01","56.33","55.58","3.43M","0.18%"
"01/31/2025","55.67","55.98","56.13","55.42","2.55M","-0.45%"
"01/30/2025","55.92","55.95","56.13","55.84","1.60M","0.39%"
"01/29/2025","55.70","55.94","56.05","55.48","1.66M","-0.14%"
"01/28/2025","55.78","55.62","55.82","55.50","925.49K","-0.16%"
"01/27/2025","55.87","55.78","55.94","55.62","1.89M","1.21%"
"01/24/2025","55.20","54.94","55.26","54.87","1.93M","0.38%"
"01/23/2025","54.99","54.86","55.07","54.82","2.22M","-0.67%"
"01/22/2025","55.36","55.57","55.62","55.26","1.95M","-0.43%"
"01/21/2025","55.60","55.59","55.74","55.43","2.68M","0.80%"
"01/17/2025","55.16","55.28","55.34","55.09","1.59M","0.13%"
"01/16/2025","55.09","54.81","55.28","54.63","5.24M","0.38%"
"01/15/2025","54.88","54.87","55.04","54.70","2.09M","1.65%"
"01/14/2025","53.99","53.96","54.06","53.79","2.04M","-0.15%"
"01/13/2025","54.07","54.19","54.23","53.89","2.98M","-0.18%"
"01/10/2025","54.17","54.08","54.39","54.02","3.68M","-0.71%"
"01/08/2025","54.56","54.22","54.65","54.16","3.14M","0.15%"
"01/07/2025","54.48","54.89","54.97","54.41","2.55M","-1.04%"
"01/06/2025","55.05","55.14","55.24","54.90","2.35M","-0.36%"
"01/03/2025","55.25","55.51","55.62","55.20","2.14M","-0.29%"
"01/02/2025","55.41","55.55","55.75","55.22","2.44M","0.11%"
"12/31/2024","55.35","55.73","55.81","55.29","4.87M","-0.36%"
"12/30/2024","55.55","55.51","55.64","55.44","5.24M","0.82%"
"12/27/2024","55.10","55.32","55.47","55.08","3.91M","-0.70%"
"12/26/2024","55.49","55.12","55.57","55.12","2.49M","-0.04%"
"12/24/2024","55.51","55.03","55.53","55.03","2.42M","-0.05%"
"12/23/2024","55.54","55.91","55.94","55.48","3.21M","-0.77%"
"12/20/2024","55.97","56.10","56.31","55.97","3.06M","0.39%"
"12/19/2024","55.75","55.81","55.99","55.49","5.25M","-1.21%"
"12/18/2024","56.43","56.90","57.13","56.40","3.19M","-1.17%"
"12/17/2024","57.10","57.08","57.31","57.02","2.19M","0.16%"
"12/16/2024","57.01","57.07","57.11","56.78","2.61M","0.16%"
"12/13/2024","56.92","57.21","57.27","56.82","2.39M","-0.87%"
"12/12/2024","57.42","57.72","57.78","57.36","4.03M","-1.00%"
"12/11/2024","58.00","58.52","58.65","57.97","2.11M","-0.89%"
"12/10/2024","58.52","58.46","58.63","58.42","2.28M","-0.46%"
"12/09/2024","58.79","59.02","59.06","58.74","2.71M","-0.74%"
"12/06/2024","59.23","59.43","59.51","59.04","2.78M","0.17%"
"12/05/2024","59.13","58.85","59.22","58.79","2.47M","0.17%"
"12/04/2024","59.03","58.23","59.10","58.17","7.60M","0.94%"
"12/03/2024","58.48","58.96","59.02","58.43","5.73M","-0.75%"
"12/02/2024","58.92","58.60","59.08","58.45","8.80M","-0.17%"
"11/29/2024","59.02","58.98","59.04","58.75","2.12M","0.89%"
"11/27/2024","58.50","58.52","58.69","58.31","3.47M","0.65%"
"11/26/2024","58.12","57.99","58.15","57.80","5.03M","-0.33%"
"11/25/2024","58.31","58.02","58.34","57.91","15.78M","2.35%"
"11/22/2024","56.97","57.08","57.17","56.87","13.89M","0.07%"
"11/21/2024","56.93","57.04","57.27","56.78","2.92M","-0.18%"
"11/20/2024","57.03","56.88","57.25","56.85","3.21M","-0.26%"
"11/19/2024","57.18","57.23","57.38","57.13","1.93M","0.44%"
"11/18/2024","56.93","56.60","57.10","56.46","1.99M","0.19%"
"11/15/2024","56.82","56.68","57.13","56.45","3.62M","-0.25%"
"11/14/2024","56.96","57.06","57.34","56.90","2.60M","0.49%"
"11/13/2024","56.68","57.57","57.61","56.58","3.14M","-0.70%"
"11/12/2024","57.08","57.48","57.76","56.98","3.66M","-1.42%"
"11/11/2024","57.90","57.99","58.01","57.66","1.61M","-0.38%"
"11/08/2024","58.12","57.85","58.22","57.79","3.31M","1.11%"
"11/07/2024","57.48","57.14","57.66","57.07","3.21M","1.11%"
"11/06/2024","56.85","56.55","57.10","56.44","4.86M","-2.32%"
"11/05/2024","58.20","57.83","58.31","57.57","2.51M","0.43%"
"11/04/2024","57.95","57.99","58.17","57.62","2.57M","1.38%"
"11/01/2024","57.16","57.96","58.14","57.12","3.23M","-1.67%"
"10/31/2024","58.13","57.93","58.37","57.76","2.83M","0.16%"
"10/30/2024","58.04","58.37","58.62","57.97","2.37M","0.21%"
"10/29/2024","57.92","57.42","57.93","57.31","2.48M","0.10%"
"10/28/2024","57.86","58.08","58.10","57.60","1.85M","-0.31%"
"10/25/2024","58.04","58.50","58.54","57.95","2.07M","-0.46%"
"10/24/2024","58.31","58.06","58.51","57.92","1.98M","0.53%"
"10/23/2024","58.00","57.85","58.15","57.76","3.94M","-0.29%"
"10/22/2024","58.17","58.34","58.41","58.03","2.24M","0.05%"
"10/21/2024","58.14","58.56","58.62","58.13","2.07M","-1.59%"
"10/18/2024","59.08","59.10","59.29","59.06","1.89M","0.10%"
"10/17/2024","59.02","59.26","59.35","58.94","2.17M","-1.37%"
"10/16/2024","59.84","59.92","60.05","59.77","6.17M","0.30%"
"10/15/2024","59.66","59.40","59.70","59.35","6.12M","1.17%"
"10/14/2024","58.97","58.60","58.97","58.55","1.03M","-0.05%"
"10/11/2024","59.00","58.88","59.18","58.83","6.02M","-0.27%"
"10/10/2024","59.16","59.07","59.19","58.81","4.59M","-0.35%"
"10/09/2024","59.37","59.49","59.63","59.25","11.12M","-0.55%"
"10/08/2024","59.70","59.36","59.71","59.34","1.60M","0.08%"
"10/07/2024","59.65","59.70","59.85","59.58","2.20M","-0.63%"
"10/04/2024","60.03","59.96","60.26","59.96","1.94M","-1.23%"
"10/03/2024","60.78","61.10","61.19","60.76","2.10M","-0.83%"
"10/02/2024","61.29","61.09","61.31","60.91","6.00M","-0.73%"
"10/01/2024","61.74","61.90","62.21","61.68","2.85M","0.32%"
"09/30/2024","61.54","61.85","61.87","61.40","2.85M","-0.37%"
"09/27/2024","61.77","61.76","61.91","61.59","1.52M","0.49%"
"09/26/2024","61.47","61.47","61.58","61.12","1.38M","0.18%"
"09/25/2024","61.36","61.60","61.62","61.35","2.77M","-0.82%"
"09/24/2024","61.87","61.45","61.95","61.35","2.24M","0.05%"
"09/23/2024","61.84","61.70","62.04","61.42","1.77M","-0.19%"
"09/20/2024","61.96","61.98","62.12","61.81","1.41M","-0.24%"
"09/19/2024","62.11","61.88","62.12","61.81","1.94M","-0.27%"
"09/18/2024","62.28","62.65","62.92","62.24","2.20M","-1.08%"
"09/17/2024","62.96","63.33","63.41","62.92","1.82M","-0.43%"
"09/16/2024","63.23","62.88","63.27","62.74","1.62M","0.81%"
"09/13/2024","62.72","62.77","62.86","62.52","1.48M","0.26%"
"09/12/2024","62.56","62.71","62.79","62.31","2.22M","-0.38%"
"09/11/2024","62.80","62.76","63.18","62.66","2.29M","-0.11%"
"09/10/2024","62.87","62.41","62.99","62.37","2.59M","0.67%"
"09/09/2024","62.45","62.13","62.52","61.99","1.79M","0.35%"
"09/06/2024","62.23","62.20","62.88","61.96","4.50M","0.08%"
"09/05/2024","62.18","62.06","62.24","61.75","1.90M","0.52%"
"09/04/2024","61.86","61.25","61.90","61.21","2.49M","1.09%"
"09/03/2024","61.19","61.09","61.37","60.99","2.85M","1.14%"
"08/30/2024","60.50","61.13","61.31","60.47","2.62M","-0.90%"
"08/29/2024","61.05","60.96","61.12","60.83","1.38M","-0.33%"
"08/28/2024","61.25","61.35","61.44","61.18","1.42M","-0.13%"
"08/27/2024","61.33","61.04","61.40","60.98","1.61M","-0.18%"
"08/26/2024","61.44","61.72","61.73","61.39","1.50M","-0.18%"
"08/23/2024","61.55","61.43","61.72","61.31","2.20M","0.59%"
"08/22/2024","61.19","61.46","61.50","61.00","1.56M","-0.92%"
"08/21/2024","61.76","61.71","62.01","61.45","1.77M","0.08%"
"08/20/2024","61.71","61.48","61.77","61.38","1.50M","0.77%"
"08/19/2024","61.24","60.97","61.38","60.96","1.40M","0.44%"
"08/16/2024","60.97","60.96","61.03","60.73","1.39M","0.33%"
"08/15/2024","60.77","60.39","60.77","60.28","1.87M","-0.85%"
"08/14/2024","61.29","61.11","61.44","61.07","1.64M","0.56%"
"08/13/2024","60.95","60.96","61.00","60.76","1.50M","0.66%"
"08/12/2024","60.55","60.21","60.66","60.12","1.88M","0.35%"
"08/09/2024","60.34","60.48","60.50","60.24","1.21M","0.95%"
"08/08/2024","59.77","59.68","59.84","59.52","3.17M","-0.55%"
"08/07/2024","60.10","60.21","60.46","59.92","3.49M","-0.79%"
"08/06/2024","60.58","61.48","61.58","60.58","2.90M","-2.07%"
"08/05/2024","61.86","62.37","62.50","61.30","6.54M","0.52%"
"08/02/2024","61.54","60.83","61.60","60.76","3.40M","2.81%"
"08/01/2024","59.86","59.72","60.16","59.70","2.74M","0.59%"
"07/31/2024","59.51","59.31","59.55","59.15","2.16M","1.04%"
"07/30/2024","58.90","58.86","59.02","58.61","1.44M","0.34%"
"07/29/2024","58.70","58.83","58.83","58.55","800.65K","0.44%"
"07/26/2024","58.44","58.42","58.52","58.28","1.17M","0.74%"
"07/25/2024","58.01","57.89","58.35","57.84","1.61M","0.69%"
"07/24/2024","57.61","58.21","58.32","57.55","1.58M","-0.93%"
"07/23/2024","58.15","58.29","58.43","58.12","1.08M","-0.03%"
"07/22/2024","58.17","58.59","58.67","57.98","1.52M","-0.33%"
"07/19/2024","58.36","58.40","58.47","58.28","1.34M","-0.49%"
"07/18/2024","58.65","58.78","59.03","58.60","2.47M","-0.71%"
"07/17/2024","59.07","58.89","59.18","58.76","1.85M","0.10%"
"07/16/2024","59.01","58.69","59.05","58.60","1.38M","1.20%"
"07/15/2024","58.31","58.36","58.54","58.24","1.73M","-0.93%"
"07/12/2024","58.86","58.67","58.87","58.56","1.43M","0.32%"
"07/11/2024","58.67","58.75","58.99","58.63","1.97M","0.96%"
"07/10/2024","58.11","58.03","58.15","57.91","8.93M","0.26%"
"07/09/2024","57.96","58.02","58.13","57.67","1.93M","-0.34%"
"07/08/2024","58.16","58.07","58.24","57.90","1.32M","0.17%"
"07/05/2024","58.06","57.90","58.16","57.69","1.53M","0.71%"
"07/03/2024","57.65","57.23","57.67","57.19","1.09M","1.30%"
"07/02/2024","56.91","56.97","57.03","56.62","2.13M","0.69%"
"07/01/2024","56.52","56.80","57.15","56.44","2.94M","-2.01%"
"06/28/2024","57.68","58.73","58.75","57.64","2.55M","-1.55%"
"06/27/2024","58.59","58.59","58.69","58.54","1.74M","0.33%"
"06/26/2024","58.40","58.47","58.55","58.36","1.12M","-1.30%"
"06/25/2024","59.17","58.94","59.19","58.91","1.35M","0.19%"
"06/24/2024","59.06","58.92","59.07","58.74","1.27M","0.32%"
"06/21/2024","58.87","59.04","59.16","58.66","1.92M","0.03%"
"06/20/2024","58.85","58.54","58.88","58.49","1.27M","-0.62%"
"06/18/2024","59.22","58.80","59.24","58.72","1.56M","0.85%"
"06/17/2024","58.72","58.59","58.76","58.46","2.21M","-0.89%"
"06/14/2024","59.25","59.13","59.35","59.02","2.19M","0.75%"
"06/13/2024","58.81","58.48","58.90","58.33","1.77M","1.27%"
"06/12/2024","58.07","58.34","58.67","58.03","2.36M","0.78%"
"06/11/2024","57.62","57.18","57.65","57.12","934.39K","0.91%"
"06/10/2024","57.10","57.16","57.19","56.98","1.16M","-0.59%"
"06/07/2024","57.44","57.62","57.62","57.38","2.16M","-1.78%"
"06/06/2024","58.48","58.28","58.58","58.25","949.07K","-0.02%"
"06/05/2024","58.49","58.31","58.51","57.96","1.78M","0.65%"
"06/04/2024","58.11","57.85","58.21","57.74","2.23M","1.10%"
"06/03/2024","57.48","56.95","57.55","56.94","2.32M","0.95%"
"05/31/2024","56.94","56.87","56.98","56.74","1.42M","0.80%"
"05/30/2024","56.49","56.35","56.53","56.26","1.65M","0.88%"
"05/29/2024","56.00","56.19","56.21","55.80","1.40M","-1.08%"
"05/28/2024","56.61","57.34","57.37","56.58","1.18M","-1.34%"
"05/24/2024","57.38","57.12","57.40","57.08","801.96K","0.26%"
"05/23/2024","57.23","57.61","57.61","57.04","1.34M","-0.56%"
"05/22/2024","57.55","57.29","57.60","57.29","1.21M","0.07%"
"05/21/2024","57.51","57.57","57.61","57.42","886.47K","0.45%"
"05/20/2024","57.25","57.20","57.34","57.17","998.23K","-0.26%"
"05/17/2024","57.40","57.52","57.62","57.36","1.14M","-0.64%"
"05/16/2024","57.77","57.99","57.99","57.72","1.23M","-0.12%"
"05/15/2024","57.84","57.66","57.89","57.53","1.71M","1.37%"
"05/14/2024","57.06","56.97","57.11","56.82","1.16M","0.51%"
"05/13/2024","56.77","56.91","56.93","56.75","2.22M","0.19%"
"05/10/2024","56.66","56.74","56.81","56.57","908.72K","-0.51%"
"05/09/2024","56.95","56.52","57.03","56.50","1.62M","0.42%"
"05/08/2024","56.71","56.77","56.85","56.68","1.50M","-0.53%"
"05/07/2024","57.01","57.08","57.30","56.94","1.12M","0.56%"
"05/06/2024","56.69","56.53","56.73","56.40","988.48K","0.39%"
"05/03/2024","56.47","56.58","56.66","56.16","1.43M","0.91%"
"05/02/2024","55.96","55.54","56.02","55.42","1.63M","0.47%"
"05/01/2024","55.70","55.72","56.08","55.51","2.38M","0.25%"
"04/30/2024","55.56","55.65","55.83","55.46","2.60M","-0.68%"
"04/29/2024","55.94","55.78","55.97","55.67","1.21M","0.76%"
"04/26/2024","55.52","55.52","55.73","55.46","1.00M","0.49%"
"04/25/2024","55.25","55.03","55.31","54.96","1.39M","-0.61%"
"04/24/2024","55.59","55.69","55.73","55.35","2.03M","-0.66%"
"04/23/2024","55.96","55.76","56.24","55.65","1.58M","0.05%"
"04/22/2024","55.93","55.74","55.99","55.72","1.44M","-0.14%"
"04/19/2024","56.01","56.14","56.14","55.87","2.01M","0.32%"
"04/18/2024","55.83","56.04","56.06","55.69","1.83M","-0.50%"
"04/17/2024","56.11","55.83","56.15","55.61","1.53M","1.04%"
"04/16/2024","55.53","55.35","55.67","55.20","2.30M","-0.59%"
"04/15/2024","55.86","56.02","56.03","55.61","3.00M","-1.39%"
"04/12/2024","56.65","56.85","57.03","56.65","2.20M","0.48%"
"04/11/2024","56.38","56.71","56.74","56.20","4.17M","-0.42%"
"04/10/2024","56.62","57.20","57.26","56.49","2.42M","-2.11%"
"04/09/2024","57.84","57.63","57.89","57.62","1.21M","0.89%"
"04/08/2024","57.33","57.24","57.45","57.19","1.43M","-0.05%"
"04/05/2024","57.36","57.51","57.80","57.35","1.71M","-1.26%"
"04/04/2024","58.09","58.03","58.12","57.69","2.08M","0.68%"
"04/03/2024","57.70","57.23","57.71","57.11","2.80M","-0.07%"
"04/02/2024","57.74","57.42","57.78","57.29","2.47M","-0.48%"
"04/01/2024","58.02","58.44","58.46","57.96","2.57M","-2.06%"
"03/28/2024","59.24","59.13","59.46","59.05","2.17M","-0.02%"
"03/27/2024","59.25","58.88","59.27","58.83","1.62M","0.82%"
"03/26/2024","58.77","58.59","58.79","58.46","1.31M","0.27%"
"03/25/2024","58.61","58.72","58.73","58.49","1.54M","-0.44%"
"03/22/2024","58.87","59.00","59.00","58.76","1.05M","0.91%"
"03/21/2024","58.34","58.44","58.54","58.13","1.42M","0.19%"
"03/20/2024","58.23","58.31","58.78","57.85","1.78M","0.03%"
"03/19/2024","58.21","58.15","58.39","58.06","1.36M","0.33%"
"03/18/2024","58.02","58.05","58.21","57.92","1.34M","-0.29%"
"03/15/2024","58.19","58.26","58.33","58.11","1.60M","-0.09%"
"03/14/2024","58.24","58.65","58.66","58.17","2.35M","-1.46%"
"03/13/2024","59.10","59.15","59.29","58.97","1.88M","-0.40%"
"03/12/2024","59.34","59.45","59.54","59.22","1.33M","-0.80%"
"03/11/2024","59.82","59.98","60.00","59.64","1.38M","-0.07%"
"03/08/2024","59.86","59.87","60.00","59.69","1.56M","-0.08%"
"03/07/2024","59.91","60.15","60.18","59.67","1.48M","-0.02%"
"03/06/2024","59.92","59.65","60.04","59.61","1.63M","0.55%"
"03/05/2024","59.59","59.49","59.75","59.33","1.73M","1.33%"
"03/04/2024","58.81","58.56","58.84","58.56","1.60M","-0.34%"
"03/01/2024","59.01","58.40","59.05","58.16","4.02M","0.29%"
"02/29/2024","58.84","58.63","58.91","58.62","2.85M","0.65%"
"02/28/2024","58.46","58.21","58.51","58.11","2.11M","0.55%"
"02/27/2024","58.14","58.31","58.44","58.07","1.71M","-0.60%"
"02/26/2024","58.49","58.70","58.73","58.23","3.45M","-0.29%"
"02/23/2024","58.66","58.05","58.72","58.05","2.11M","1.19%"
"02/22/2024","57.97","57.83","58.07","57.77","5.80M","0.42%"
"02/21/2024","57.73","58.13","58.18","57.65","5.66M","-0.67%"
"02/20/2024","58.12","58.08","58.33","58.05","5.37M","0.10%"
"02/16/2024","58.06","57.86","58.10","57.83","1.40M","-0.57%"
"02/15/2024","58.39","58.56","58.63","58.22","1.60M","0.46%"
"02/14/2024","58.12","57.81","58.24","57.78","2.60M","0.50%"
"02/13/2024","57.83","58.13","58.23","57.81","3.04M","-1.63%"
"02/12/2024","58.79","58.77","58.89","58.53","1.71M","0.09%"
"02/09/2024","58.74","58.69","58.81","58.62","1.60M","-0.19%"
"02/08/2024","58.85","58.85","59.01","58.63","1.54M","-0.59%"
"02/07/2024","59.20","59.18","59.57","59.16","2.72M","-0.39%"
"02/06/2024","59.43","58.97","59.53","58.95","2.22M","0.90%"
"02/05/2024","58.90","59.21","59.32","58.83","3.50M","-1.90%"
"02/02/2024","60.04","60.13","60.33","59.79","3.26M","-1.99%"
"02/01/2024","61.26","60.81","61.56","60.70","4.15M","1.37%"
"01/31/2024","60.43","60.14","60.55","60.03","4.84M","1.04%"
"01/30/2024","59.81","59.73","59.84","59.28","3.38M","0.74%"
"01/29/2024","59.37","59.04","59.53","58.94","2.40M","1.06%"
"01/26/2024","58.75","58.81","58.89","58.55","2.84M","-0.17%"
"01/25/2024","58.85","58.86","58.97","58.63","3.49M","0.60%"
"01/24/2024","58.50","59.18","59.19","58.34","4.92M","-0.56%"
"01/23/2024","58.83","58.81","58.87","58.56","6.68M","-0.66%"
"01/22/2024","59.22","59.32","59.48","59.08","7.07M","0.54%"
"01/19/2024","58.90","58.67","58.94","58.41","2.15M","0.26%"
"01/18/2024","58.75","59.09","59.16","58.56","2.51M","-0.81%"
"01/17/2024","59.23","59.18","59.41","58.94","3.31M","-0.20%"
"01/16/2024","59.35","59.82","59.90","59.16","3.73M","-1.66%"
"01/12/2024","60.35","60.42","60.72","60.16","2.86M","-0.02%"
"01/11/2024","60.36","60.01","60.42","59.77","4.78M","0.60%"
"01/10/2024","60.00","60.45","60.52","59.99","2.42M","-0.51%"
"01/09/2024","60.31","60.27","60.55","60.22","2.61M","-0.43%"
"01/08/2024","60.57","60.03","60.66","59.93","3.93M","0.83%"
"01/05/2024","60.07","60.13","60.82","59.98","3.24M","-0.83%"
"01/04/2024","60.57","60.68","60.80","60.47","2.78M","-1.35%"
"01/03/2024","61.40","60.67","61.48","60.52","4.25M","0.31%"
"01/02/2024","61.21","61.14","61.38","61.02","3.80M","-0.52%"
"12/29/2023","61.53","61.65","62.02","61.44","3.00M","-0.82%"
"12/28/2023","62.04","62.18","62.46","61.90","1.64M","-0.64%"
"12/27/2023","62.44","62.00","62.45","61.87","1.97M","1.68%"
"12/26/2023","61.41","61.29","61.49","61.26","1.71M","0.20%"
"12/22/2023","61.29","61.75","61.75","61.11","1.81M","-0.62%"
"12/21/2023","61.67","62.14","62.19","61.53","2.16M","-0.56%"
"12/20/2023","62.02","61.70","62.08","61.43","1.87M","0.80%"
"12/19/2023","61.53","61.56","61.78","61.43","2.07M","0.39%"
"12/18/2023","61.29","61.34","61.34","61.09","2.29M","-0.66%"
"12/15/2023","61.70","61.47","61.84","61.41","2.94M","0.13%"
"12/14/2023","61.62","60.90","61.65","60.77","3.18M","2.36%"
"12/13/2023","60.20","59.26","60.31","59.18","2.91M","2.21%"
"12/12/2023","58.90","58.65","58.98","58.53","2.17M","0.26%"
"12/11/2023","58.75","58.56","58.81","58.31","5.88M","-0.15%"
"12/08/2023","58.84","58.81","58.96","58.49","4.79M","-0.81%"
"12/07/2023","59.32","59.21","59.74","59.18","3.70M","-0.54%"
"12/06/2023","59.64","59.18","59.74","59.08","5.21M","1.22%"
"12/05/2023","58.92","58.38","58.93","58.33","10.08M","2.01%"
"12/04/2023","57.76","57.72","57.91","57.49","3.72M","-0.40%"
"12/01/2023","57.99","57.01","58.06","56.94","2.40M","1.36%"
"11/30/2023","57.21","57.39","57.50","56.95","4.08M","-1.02%"
"11/29/2023","57.80","57.50","57.83","57.31","2.80M","1.19%"
"11/28/2023","57.12","56.80","57.16","56.74","2.97M","0.23%"
"11/27/2023","56.99","56.47","57.02","56.39","1.89M","1.50%"
"11/24/2023","56.15","56.34","56.40","56.15","776.51K","-1.07%"
"11/22/2023","56.76","56.94","57.04","56.51","1.57M","0.26%"
"11/21/2023","56.61","56.61","56.77","56.26","2.32M","-0.02%"
"11/20/2023","56.62","56.09","56.69","56.09","2.31M","0.50%"
"11/17/2023","56.34","56.39","56.54","56.09","2.18M","0.41%"
"11/16/2023","56.11","55.96","56.31","55.91","9.38M","1.15%"
"11/15/2023","55.47","55.77","55.80","55.35","1.82M","-1.32%"
"11/14/2023","56.21","56.32","56.41","55.91","3.36M","2.14%"
"11/13/2023","55.03","54.69","55.10","54.50","2.30M","-0.15%"
"11/10/2023","55.11","55.30","55.37","55.00","1.76M","0.49%"
"11/09/2023","54.84","55.70","55.72","54.44","2.81M","-2.11%"
"11/08/2023","56.02","55.44","56.08","55.40","2.79M","1.47%"
"11/07/2023","55.21","54.96","55.48","54.94","2.87M","1.34%"
"11/06/2023","54.48","54.66","54.71","54.36","2.43M","-0.86%"
"11/03/2023","54.95","55.64","55.78","54.94","2.59M","0.68%"
"11/02/2023","54.58","54.39","54.75","54.13","3.26M","2.06%"
"11/01/2023","53.48","52.87","53.50","52.85","5.05M","1.65%"
"10/31/2023","52.61","53.04","53.24","52.60","5.21M","-0.44%"
"10/30/2023","52.84","52.70","53.06","52.38","2.19M","-0.43%"
"10/27/2023","53.07","52.91","53.10","52.66","1.75M","-0.24%"
"10/26/2023","53.20","52.49","53.26","52.45","2.27M","1.41%"
"10/25/2023","52.46","52.80","52.85","52.29","2.40M","-2.00%"
"10/24/2023","53.53","53.06","53.53","52.85","3.72M","1.06%"
"10/23/2023","52.97","52.14","53.32","51.90","2.25M","1.15%"
"10/20/2023","52.37","52.24","52.54","52.10","2.45M","0.61%"
"10/19/2023","52.05","52.66","53.03","52.03","4.20M","-1.76%"
"10/18/2023","52.98","52.96","53.14","52.63","3.20M","-0.90%"
"10/17/2023","53.46","53.25","53.67","53.02","5.45M","-1.11%"
"10/16/2023","54.06","54.06","54.15","53.88","3.67M","-1.46%"
"10/13/2023","54.86","54.89","54.99","54.63","1.47M","1.61%"
"10/12/2023","53.99","55.14","55.18","53.90","2.55M","-2.44%"
"10/11/2023","55.34","55.01","55.34","54.86","2.61M","1.88%"
"10/10/2023","54.32","53.83","54.61","53.67","2.74M","-0.15%"
"10/09/2023","54.40","53.66","54.41","53.42","2.13M","2.16%"
"10/06/2023","53.25","52.88","53.75","52.81","2.35M","-1.15%"
"10/05/2023","53.87","54.01","54.05","53.74","2.40M","-0.35%"
"10/04/2023","54.06","53.81","54.12","53.57","4.44M","1.22%"
"10/03/2023","53.41","54.09","54.29","53.30","3.44M","-1.93%"
"10/02/2023","54.46","54.95","55.01","54.30","3.43M","-1.89%"
"09/29/2023","55.51","55.83","55.97","55.17","2.53M","0.07%"
"09/28/2023","55.47","54.89","55.49","54.57","2.29M","0.22%"
"09/27/2023","55.35","56.04","56.09","55.13","2.25M","-0.52%"
"09/26/2023","55.64","55.98","56.07","55.56","2.04M","-0.32%"
"09/25/2023","55.82","56.09","56.29","55.79","2.16M","-2.22%"
"09/22/2023","57.09","56.72","57.19","56.64","1.08M","0.74%"
"09/21/2023","56.67","56.98","57.02","56.66","2.53M","-2.28%"
"09/20/2023","57.99","58.15","58.31","57.98","1.58M","0.19%"
"09/19/2023","57.88","58.02","58.22","57.87","1.07M","-0.62%"
"09/18/2023","58.24","57.90","58.29","57.89","858.82K","0.40%"
"09/15/2023","58.01","58.23","58.23","57.97","2.99M","-0.51%"
"09/14/2023","58.31","58.55","58.68","58.22","920.51K","-0.60%"
"09/13/2023","58.66","58.48","58.84","58.43","1.00M","0.05%"
"09/12/2023","58.63","58.49","58.65","58.30","1.07M","0.46%"
"09/11/2023","58.36","58.37","58.52","58.28","776.62K","-0.61%"
"09/08/2023","58.72","58.77","59.05","58.62","1.11M","0.34%"
"09/07/2023","58.52","58.53","58.57","58.34","914.51K","0.21%"
"09/06/2023","58.40","58.60","58.61","58.22","1.22M","0.19%"
"09/05/2023","58.29","58.68","58.71","58.25","1.44M","-1.20%"
"09/01/2023","59.00","59.58","59.58","58.89","1.49M","-1.78%"
"08/31/2023","60.07","60.01","60.31","59.96","1.65M","0.42%"
"08/30/2023","59.82","59.81","59.93","59.65","1.87M","-0.07%"
"08/29/2023","59.86","59.08","59.97","59.05","2.71M","1.03%"
"08/28/2023","59.25","59.45","59.45","59.01","1.19M","0.12%"
"08/25/2023","59.18","58.90","59.35","58.78","1.38M","0.20%"
"08/24/2023","59.06","59.17","59.40","59.03","1.06M","-0.46%"
"08/23/2023","59.33","58.74","59.38","58.68","1.41M","2.15%"
"08/22/2023","58.08","57.72","58.13","57.65","1.12M","0.64%"
"08/21/2023","57.71","57.79","57.85","57.53","3.32M","-1.27%"
"08/18/2023","58.45","58.27","58.69","58.20","1.07M","0.31%"
"08/17/2023","58.27","58.30","58.35","58.01","1.18M","-0.39%"
"08/16/2023","58.50","58.74","59.03","58.41","1.98M","-0.73%"
"08/15/2023","58.93","59.04","59.27","58.90","1.31M","-0.52%"
"08/14/2023","59.24","59.26","59.67","59.07","1.21M","-0.19%"
"08/11/2023","59.35","59.33","59.65","59.28","1.57M","-0.34%"
"08/10/2023","59.55","60.35","60.54","59.53","1.35M","-1.47%"
"08/09/2023","60.44","60.28","60.50","60.24","1.27M","0.48%"
"08/08/2023","60.15","60.25","60.55","60.01","1.33M","1.09%"
"08/07/2023","59.50","59.79","59.83","59.44","1.91M","-0.85%"
"08/04/2023","60.01","59.21","60.11","59.21","1.61M","1.69%"
"08/03/2023","59.01","59.18","59.27","58.83","3.25M","-2.09%"
"08/02/2023","60.27","60.23","60.34","59.87","2.00M","-0.92%"
"08/01/2023","60.83","61.18","61.23","60.68","1.86M","-1.81%"
"07/31/2023","61.95","61.67","62.08","61.67","1.60M","0.28%"
"07/28/2023","61.78","61.55","61.81","61.42","1.35M","0.46%"
"07/27/2023","61.50","62.31","62.43","61.27","2.00M","-1.87%"
"07/26/2023","62.67","62.86","62.86","62.46","1.05M","0.19%"
"07/25/2023","62.55","62.37","62.75","62.34","1.27M","-0.21%"
"07/24/2023","62.68","63.02","63.11","62.63","1.40M","-0.37%"
"07/21/2023","62.91","63.12","63.23","62.84","3.46M","0.08%"
"07/20/2023","62.86","63.16","63.19","62.62","3.74M","-1.19%"
"07/19/2023","63.62","63.11","63.63","62.96","10.55M","1.02%"
"07/18/2023","62.98","63.01","63.16","62.88","1.40M","0.41%"
"07/17/2023","62.72","62.65","62.81","62.48","1.66M","0.05%"
"07/14/2023","62.69","62.93","63.04","62.65","1.90M","-0.49%"
"07/13/2023","63.00","62.72","63.07","62.51","1.49M","0.99%"
"07/12/2023","62.38","61.96","62.54","61.77","2.16M","1.15%"
"07/11/2023","61.67","61.59","61.83","61.44","1.55M","0.44%"
"07/10/2023","61.40","61.19","61.58","61.16","2.81M","0.20%"
"07/07/2023","61.28","61.31","61.56","61.21","2.73M","-0.49%"
"07/06/2023","61.58","61.86","61.94","61.43","4.85M","-1.38%"
"07/05/2023","62.44","62.93","62.98","62.23","1.88M","-0.92%"
"07/03/2023","63.02","63.45","63.69","63.02","1.20M","-0.80%"
"06/30/2023","63.53","63.00","63.59","62.90","2.32M","1.02%"
"06/29/2023","62.89","63.10","63.17","62.68","3.69M","-1.67%"
"06/28/2023","63.96","63.82","64.05","63.49","1.40M","0.46%"
"06/27/2023","63.67","63.93","64.14","63.44","997.82K","-0.27%"
"06/26/2023","63.84","63.92","64.04","63.70","708.83K","0.11%"
"06/23/2023","63.77","64.10","64.14","63.57","1.04M","0.84%"
"06/22/2023","63.24","63.49","63.74","63.15","856.33K","-1.06%"
"06/21/2023","63.92","63.46","63.97","63.21","1.36M","0.24%"
"06/20/2023","63.77","63.65","63.96","63.65","1.10M","0.60%"
"06/16/2023","63.39","63.28","63.49","63.02","1.01M","-0.35%"
"06/15/2023","63.61","63.60","63.94","63.36","2.24M","0.98%"
"06/14/2023","62.99","62.86","63.19","62.72","2.60M","0.59%"
"06/13/2023","62.62","63.21","63.28","62.46","1.68M","-0.95%"
"06/12/2023","63.22","63.26","63.26","62.60","1.21M","0.19%"
"06/09/2023","63.10","62.86","63.26","62.73","753.39K","-0.08%"
"06/08/2023","63.15","62.44","63.19","62.43","915.66K","1.15%"
"06/07/2023","62.43","63.20","63.33","62.39","1.40M","-1.42%"
"06/06/2023","63.33","63.07","63.37","62.78","862.26K","0.43%"
"06/05/2023","63.06","62.77","63.38","62.66","642.91K","-0.14%"
"06/02/2023","63.15","63.69","63.72","63.12","1.05M","-0.94%"
"06/01/2023","63.75","63.82","64.02","63.50","975.84K","0.09%"
"05/31/2023","63.69","63.12","63.78","63.04","1.53M","0.87%"
"05/30/2023","63.14","62.74","63.21","62.65","1.07M","1.04%"
"05/26/2023","62.49","61.98","62.52","61.88","2.73M","0.60%"
"05/25/2023","62.12","62.39","62.43","61.96","1.20M","-0.34%"
"05/24/2023","62.33","62.74","62.77","62.32","1.28M","-0.42%"
"05/23/2023","62.59","62.27","62.72","62.18","1.00M","0.22%"
"05/22/2023","62.45","62.74","62.99","62.40","1.48M","-0.38%"
"05/19/2023","62.69","62.73","63.10","62.55","1.29M","-0.65%"
"05/18/2023","63.10","63.34","63.35","63.06","967.59K","-0.80%"
"05/17/2023","63.61","63.90","63.93","63.46","842.88K","-0.25%"
"05/16/2023","63.77","63.50","63.77","63.32","1.24M","-0.28%"
"05/15/2023","63.95","64.02","64.08","63.92","1.57M","-0.99%"
"05/12/2023","64.59","65.04","65.15","64.56","819.57K","-0.74%"
"05/11/2023","65.07","65.23","65.33","64.87","1.46M","0.93%"
"05/10/2023","64.47","64.24","64.56","64.22","1.07M","0.92%"
"05/09/2023","63.88","64.12","64.18","63.84","1.12M","-0.30%"
"05/08/2023","64.07","64.10","64.30","63.99","1.51M","-1.20%"
"05/05/2023","64.85","64.59","64.89","64.44","3.82M","-0.48%"
"05/04/2023","65.16","65.10","65.80","65.03","1.47M","-0.79%"
"05/03/2023","65.68","65.50","65.84","65.11","1.23M","0.63%"
"05/02/2023","65.27","64.32","65.27","64.25","1.34M","2.22%"
"05/01/2023","63.85","65.03","65.10","63.65","1.96M","-2.79%"
"04/28/2023","65.68","65.52","65.86","65.37","576.73K","1.44%"
"04/27/2023","64.75","65.00","65.03","64.64","636.45K","-0.93%"
"04/26/2023","65.36","65.92","66.13","65.29","1.32M","-0.95%"
"04/25/2023","65.99","65.65","66.08","65.61","1.06M","1.43%"
"04/24/2023","65.06","64.85","65.10","64.76","543.28K","0.92%"
"04/21/2023","64.47","65.01","65.07","64.43","763.58K","-0.54%"
"04/20/2023","64.82","64.78","64.99","64.70","1.08M","0.78%"
"04/19/2023","64.32","64.21","64.40","63.96","744.84K","-0.14%"
"04/18/2023","64.41","64.17","64.62","64.16","1.03M","0.39%"
"04/17/2023","64.16","64.50","64.60","64.11","1.43M","-1.12%"
"04/14/2023","64.89","65.13","65.18","64.73","722.64K","-0.90%"
"04/13/2023","65.48","66.04","66.24","65.39","869.05K","-0.71%"
"04/12/2023","65.95","66.08","66.12","65.38","3.97M","-0.06%"
"04/11/2023","65.99","66.06","66.09","65.73","474.72K","0.12%"
"04/10/2023","65.91","66.38","66.43","65.75","1.02M","-1.38%"
"04/06/2023","66.83","66.84","67.08","66.80","885.04K","0.16%"
"04/05/2023","66.72","66.52","66.84","66.31","1.14M","0.97%"
"04/04/2023","66.08","65.25","66.43","65.25","690.88K","0.58%"
"04/03/2023","65.70","65.30","66.00","65.17","1.06M","0.29%"
"03/31/2023","65.51","65.03","65.68","64.86","984.78K","1.24%"
"03/30/2023","64.71","64.50","64.84","64.39","579.72K","0.50%"
"03/29/2023","64.39","64.09","64.50","64.03","642.82K","-0.26%"
"03/28/2023","64.56","64.41","64.63","64.29","597.55K","0.12%"
"03/27/2023","64.48","64.88","65.24","64.47","943.79K","-2.08%"
"03/24/2023","65.85","66.08","66.22","65.57","891.85K","0.41%"
"03/23/2023","65.58","65.01","65.72","64.75","955.86K","0.12%"
"03/22/2023","65.50","64.51","65.56","64.35","964.24K","1.35%"
"03/21/2023","64.63","64.80","64.97","64.46","602.53K","-0.97%"
"03/20/2023","65.26","65.81","65.82","65.12","849.27K","-0.76%"
"03/17/2023","65.76","65.68","66.30","65.63","1.26M","1.25%"
"03/16/2023","64.95","66.18","66.52","64.82","1.53M","-0.76%"
"03/15/2023","65.45","65.80","66.32","65.02","1.16M","1.87%"
"03/14/2023","64.25","64.89","65.08","64.07","1.25M","-1.52%"
"03/13/2023","65.24","66.44","66.96","64.78","1.30M","0.52%"
"03/10/2023","64.90","64.08","64.98","64.02","1.38M","3.23%"
"03/09/2023","62.87","62.55","63.08","62.40","1.15M","0.32%"
"03/08/2023","62.67","63.04","63.35","62.45","758.14K","0.11%"
"03/07/2023","62.60","62.49","62.94","62.13","748.14K","0.53%"
"03/06/2023","62.27","62.87","62.93","62.20","600.05K","-0.64%"
"03/03/2023","62.67","62.20","62.67","61.96","658.87K","2.15%"
"03/02/2023","61.35","61.13","61.43","61.01","1.61M","-0.79%"
"03/01/2023","61.84","62.18","62.28","61.67","1.09M","-1.43%"
"02/28/2023","62.74","62.07","62.74","61.90","799.48K","0.43%"
"02/27/2023","62.47","62.52","62.70","62.29","608.74K","0.29%"
"02/24/2023","62.29","62.57","62.74","62.07","1.07M","-1.22%"
"02/23/2023","63.06","62.68","63.24","62.62","1.16M","0.90%"
"02/22/2023","62.50","62.35","62.76","62.35","3.90M","0.74%"
"02/21/2023","62.04","62.41","62.51","61.99","886.76K","-1.84%"
"02/17/2023","63.20","62.50","63.20","62.42","732.17K","0.67%"
"02/16/2023","62.78","63.04","63.13","62.63","1.56M","-1.26%"
"02/15/2023","63.58","63.85","64.05","63.27","744.42K","-0.81%"
"02/14/2023","64.10","64.23","64.57","63.62","757.57K","-0.28%"
"02/13/2023","64.28","63.94","64.35","63.88","767.20K","0.83%"
"02/10/2023","63.75","64.35","64.37","63.65","998.26K","-1.07%"
"02/09/2023","64.44","65.53","65.58","64.33","1.01M","-0.88%"
"02/08/2023","65.01","64.73","65.02","64.36","1.55M","0.43%"
"02/07/2023","64.73","64.89","65.38","64.69","898.36K","-0.75%"
"02/06/2023","65.22","65.12","65.41","65.07","3.31M","-0.75%"
"02/03/2023","65.71","65.73","65.91","65.34","1.07M","-1.47%"
"02/02/2023","66.69","67.05","67.25","66.54","975.05K","0.15%"
"02/01/2023","66.59","66.22","66.78","65.57","2.06M","0.86%"
"01/31/2023","66.02","65.89","66.07","65.26","703.31K","0.76%"
"01/30/2023","65.52","65.57","65.97","65.44","1.64M","-0.35%"
"01/27/2023","65.75","65.43","65.86","65.35","893.47K","-0.27%"
"01/26/2023","65.93","66.02","66.29","65.61","2.66M","-0.45%"
"01/25/2023","66.23","66.16","66.44","65.74","649.08K","0.24%"
"01/24/2023","66.07","65.47","66.17","65.04","690.06K","1.38%"
"01/23/2023","65.17","65.13","65.49","65.08","2.21M","-0.50%"
"01/20/2023","65.50","65.89","66.02","65.42","820.54K","-1.44%"
"01/19/2023","66.46","66.56","66.69","66.20","827.00K","-0.60%"
"01/18/2023","66.86","66.73","66.91","66.03","2.23M","2.26%"
"01/17/2023","65.38","65.12","65.64","65.05","1.38M","-0.53%"
"01/13/2023","65.73","65.92","66.32","65.49","693.57K","-0.81%"
"01/12/2023","66.27","65.17","66.30","64.50","1.12M","1.77%"
"01/11/2023","65.12","64.73","65.12","64.56","1.32M","1.46%"
"01/10/2023","64.18","64.46","64.61","63.90","972.71K","-1.49%"
"01/09/2023","65.15","64.40","65.25","64.31","1.94M","0.49%"
"01/06/2023","64.83","63.41","64.89","63.34","1.33M","1.74%"
"01/05/2023","63.72","62.96","63.72","62.90","1.09M","0.33%"
"01/04/2023","63.51","63.74","63.83","63.16","1.14M","1.29%"
"01/03/2023","62.70","63.11","63.19","62.35","1.85M","1.75%"
"12/30/2022","61.62","61.75","62.18","61.50","1.30M","-0.98%"
"12/29/2022","62.23","61.79","62.39","61.75","1.21M","0.96%"
"12/28/2022","61.64","62.16","62.27","61.48","1.47M","-0.48%"
"12/27/2022","61.94","62.13","62.46","61.86","1.23M","-1.81%"
"12/23/2022","63.08","63.29","63.41","62.99","1.49M","-1.55%"
"12/22/2022","64.07","64.05","64.29","63.91","780.36K","0.09%"
"12/21/2022","64.01","64.40","64.43","63.63","896.91K","0.16%"
"12/20/2022","63.91","63.89","64.13","63.71","1.36M","-1.71%"
"12/19/2022","65.02","65.28","65.28","64.80","1.71M","-1.54%"
"12/16/2022","66.04","65.66","66.38","65.49","1.08M","-0.92%"
"12/15/2022","66.65","66.65","67.08","66.51","1.28M","0.44%"
"12/14/2022","66.36","66.10","66.44","65.65","1.45M","0.38%"
"12/13/2022","66.11","66.83","66.86","65.96","1.15M","1.02%"
"12/12/2022","65.44","66.10","66.24","65.17","1.06M","0.35%"
"12/09/2022","65.21","66.13","66.26","65.21","1.09M","-2.29%"
"12/08/2022","66.74","66.57","66.93","66.41","1.25M","-0.36%"
"12/07/2022","66.98","66.41","67.13","66.32","1.12M","1.99%"
"12/06/2022","65.67","65.40","65.89","65.21","838.31K","1.20%"
"12/05/2022","64.89","65.05","65.08","64.49","1.22M","-1.28%"
"12/02/2022","65.73","64.81","65.75","64.35","1.80M","0.97%"
"12/01/2022","65.10","63.67","65.10","63.61","2.26M","2.75%"
"11/30/2022","63.36","62.75","63.38","62.61","668.85K","0.67%"
"11/29/2022","62.94","62.96","63.45","62.90","769.10K","-0.99%"
"11/28/2022","63.57","63.83","63.95","63.31","2.08M","0.19%"
"11/25/2022","63.45","63.24","63.45","63.17","1.21M","-0.20%"
"11/23/2022","63.58","63.02","63.59","62.93","1.13M","1.53%"
"11/22/2022","62.62","62.17","62.74","62.10","856.64K","1.16%"
"11/21/2022","61.90","62.25","62.30","61.68","831.14K","0.47%"
"11/18/2022","61.61","62.14","62.27","61.56","1.19M","-0.61%"
"11/17/2022","61.99","61.96","62.12","61.68","1.21M","-0.96%"
"11/16/2022","62.59","61.84","62.63","61.68","1.35M","2.10%"
"11/15/2022","61.30","60.77","61.37","60.75","1.07M","1.37%"
"11/14/2022","60.47","60.58","60.60","60.14","988.09K","-0.26%"
"11/11/2022","60.63","60.38","60.86","60.38","1.09M","-0.26%"
"11/10/2022","60.79","59.89","60.93","59.88","1.19M","3.75%"
"11/09/2022","58.59","58.18","58.84","58.10","940.56K","0.27%"
"11/08/2022","58.43","58.14","58.74","58.10","1.31M","1.11%"
"11/07/2022","57.79","58.65","58.66","57.78","1.45M","-0.96%"
"11/04/2022","58.35","58.87","59.11","58.35","1.44M","-1.44%"
"11/03/2022","59.20","58.78","59.51","58.75","988.30K","-0.49%"
"11/02/2022","59.49","59.85","60.21","59.26","1.68M","-0.40%"
"11/01/2022","59.73","60.21","60.21","59.48","2.88M","0.35%"
"10/31/2022","59.52","59.55","59.70","58.83","2.10M","-0.50%"
"10/28/2022","59.82","59.84","60.28","59.60","976.23K","-0.76%"
"10/27/2022","60.28","59.97","60.48","59.54","1.31M","0.99%"
"10/26/2022","59.69","59.28","59.83","59.26","1.57M","1.32%"
"10/25/2022","58.91","58.64","59.01","58.56","2.34M","2.67%"
"10/24/2022","57.38","57.58","57.96","57.04","1.77M","-0.66%"
"10/21/2022","57.76","57.64","58.16","57.41","1.24M","-1.72%"
"10/20/2022","58.77","59.36","59.55","58.67","1.20M","-1.51%"
"10/19/2022","59.67","60.07","60.18","59.59","945.41K","-1.75%"
"10/18/2022","60.73","60.53","60.78","59.88","1.11M","0.33%"
"10/17/2022","60.53","61.22","61.44","60.47","1.87M","-0.43%"
"10/14/2022","60.79","61.73","61.73","60.61","1.28M","-0.72%"
"10/13/2022","61.23","60.55","61.77","60.55","1.16M","-0.83%"
"10/12/2022","61.74","61.15","61.85","61.10","1.84M","0.42%"
"10/11/2022","61.48","61.45","62.09","61.01","3.69M","0.51%"
"10/10/2022","61.17","61.87","61.97","60.90","1.06M","-1.51%"
"10/07/2022","62.11","62.01","62.47","61.80","1.69M","-0.89%"
"10/06/2022","62.67","63.05","63.15","62.42","2.15M","-0.38%"
"10/05/2022","62.91","63.18","63.20","62.50","2.61M","-1.10%"
"10/04/2022","63.61","64.02","64.28","63.51","2.49M","-0.25%"
"10/03/2022","63.77","63.73","64.27","63.40","2.61M","1.32%"
"09/30/2022","62.94","63.97","64.21","62.79","2.15M","-1.12%"
"09/29/2022","63.65","63.19","63.93","63.11","941.47K","-0.58%"
"09/28/2022","64.02","63.31","64.05","62.93","1.51M","3.17%"
"09/27/2022","62.05","63.03","63.14","61.98","3.08M","-2.38%"
"09/26/2022","63.56","64.50","64.55","63.28","906.06K","-1.97%"
"09/23/2022","64.84","64.60","65.17","64.15","1.49M","0.59%"
"09/22/2022","64.46","64.87","64.93","64.26","1.90M","-2.51%"
"09/21/2022","66.12","65.42","66.16","65.00","1.07M","1.52%"
"09/20/2022","65.13","64.86","65.48","64.70","1.43M","-1.02%"
"09/19/2022","65.80","65.58","66.05","65.48","1.03M","0.23%"
"09/16/2022","65.65","65.58","66.17","65.50","2.71M","-0.76%"
"09/15/2022","66.15","66.09","66.30","65.97","1.45M","-0.18%"
"09/14/2022","66.27","65.90","66.37","65.78","688.23K","0.27%"
"09/13/2022","66.09","65.50","66.12","65.32","1.22M","0.12%"
"09/12/2022","66.01","66.72","66.83","65.73","1.34M","-0.74%"
"09/09/2022","66.50","66.51","66.79","66.15","438.04K","0.17%"
"09/08/2022","66.39","66.83","67.17","66.37","607.10K","-0.93%"
"09/07/2022","67.01","66.48","67.14","66.45","664.91K","1.61%"
"09/06/2022","65.95","66.78","66.84","65.95","1.28M","-2.38%"
"09/02/2022","67.56","67.27","67.71","67.10","1.47M","0.58%"
"09/01/2022","67.17","67.26","67.51","66.82","1.16M","-1.94%"
"08/31/2022","68.50","68.95","69.28","68.32","789.19K","-0.94%"
"08/30/2022","69.15","68.89","69.42","68.65","529.23K","0.30%"
"08/29/2022","68.94","69.17","69.19","68.71","548.55K","-0.86%"
"08/26/2022","69.54","68.87","69.77","68.73","763.89K","0.61%"
"08/25/2022","69.12","68.29","69.27","68.06","617.75K","1.32%"
"08/24/2022","68.22","68.38","68.55","68.01","1.12M","-0.68%"
"08/23/2022","68.69","68.77","69.51","68.53","488.33K","-0.51%"
"08/22/2022","69.04","69.23","69.29","68.79","519.87K","-0.42%"
"08/19/2022","69.33","69.40","69.50","69.15","559.54K","-1.51%"
"08/18/2022","70.39","70.41","70.80","70.27","832.87K","0.17%"
"08/17/2022","70.27","70.49","70.49","70.04","745.04K","-1.06%"
"08/16/2022","71.02","70.63","71.03","70.05","747.81K","0.38%"
"08/15/2022","70.75","71.21","71.40","70.74","1.25M","0.04%"
"08/12/2022","70.72","70.52","70.72","70.09","2.27M","0.99%"
"08/11/2022","70.03","71.41","71.52","69.90","1.19M","-2.06%"
"08/10/2022","71.50","71.92","72.56","71.34","633.34K","-0.65%"
"08/09/2022","71.97","71.86","72.22","71.75","385.94K","-0.39%"
"08/08/2022","72.25","71.90","72.32","71.82","1.98M","1.38%"
"08/05/2022","71.27","71.60","71.60","70.89","2.96M","-2.18%"
"08/04/2022","72.86","72.68","73.04","72.46","616.36K","0.03%"
"08/03/2022","72.84","71.60","72.89","71.14","1.07M","1.42%"
"08/02/2022","71.82","73.37","73.64","71.70","740.37K","-1.97%"
"08/01/2022","73.26","72.32","73.32","72.25","1.51M","1.96%"
"07/29/2022","71.85","72.00","72.91","71.79","1.56M","-0.19%"
"07/28/2022","71.99","72.22","72.65","71.79","1.11M","0.73%"
"07/27/2022","71.47","72.10","72.33","71.38","928.79K","-0.43%"
"07/26/2022","71.78","72.56","72.75","71.72","841.54K","0.10%"
"07/25/2022","71.71","71.33","71.80","71.20","2.46M","-0.84%"
"07/22/2022","72.32","72.25","72.78","72.05","951.66K","1.62%"
"07/21/2022","71.17","70.46","71.26","70.31","830.88K","1.51%"
"07/20/2022","70.11","70.61","70.62","69.77","846.52K","0.33%"
"07/19/2022","69.88","70.28","70.38","69.55","865.18K","-0.53%"
"07/18/2022","70.25","70.44","70.56","69.85","819.82K","-1.01%"
"07/15/2022","70.97","70.76","71.34","70.61","3.54M","0.62%"
"07/14/2022","70.53","70.32","70.91","69.97","695.12K","-0.82%"
"07/13/2022","71.11","69.62","71.21","69.41","2.73M","1.09%"
"07/12/2022","70.34","70.60","71.03","70.31","967.64K","0.49%"
"07/11/2022","70.00","69.58","70.19","69.55","734.77K","1.63%"
"07/08/2022","68.88","69.44","69.44","68.61","1.42M","-1.05%"
"07/07/2022","69.61","70.38","70.42","69.48","947.77K","-0.80%"
"07/06/2022","70.17","71.63","71.67","70.16","1.51M","-1.52%"
"07/05/2022","71.25","71.42","71.83","70.95","1.19M","0.71%"
"07/01/2022","70.75","70.84","71.80","70.42","2.52M","0.84%"
"06/30/2022","70.16","70.14","70.67","70.12","1.30M","0.83%"
"06/29/2022","69.58","68.74","69.61","68.64","1.32M","1.46%"
"06/28/2022","68.58","68.08","68.59","67.86","566.45K","0.40%"
"06/27/2022","68.31","68.08","68.66","68.08","552.69K","-0.84%"
"06/24/2022","68.89","69.33","69.77","68.83","781.92K","-1.20%"
"06/23/2022","69.73","69.61","70.32","69.40","866.74K","0.78%"
"06/22/2022","69.19","68.97","69.32","68.81","844.09K","2.47%"
"06/21/2022","67.52","67.47","67.96","67.32","1.17M","-1.57%"
"06/17/2022","68.60","68.52","68.97","67.89","1.11M","0.32%"
"06/16/2022","68.38","66.49","68.38","66.32","1.30M","0.84%"
"06/15/2022","67.81","67.38","67.89","66.80","1.07M","1.77%"
"06/14/2022","66.63","67.60","67.84","66.51","2.28M","-1.22%"
"06/13/2022","67.45","68.20","68.30","66.88","3.19M","-2.98%"
"06/10/2022","69.52","69.84","69.99","69.05","1.45M","-0.67%"
"06/09/2022","69.99","69.61","70.11","69.57","1.10M","0.30%"
"06/08/2022","69.78","70.09","70.37","69.78","787.51K","-0.85%"
"06/07/2022","70.38","70.09","70.72","70.05","592.04K","0.98%"
"06/06/2022","69.70","70.40","70.57","69.62","1.28M","-1.65%"
"06/03/2022","70.87","70.36","70.88","70.30","588.63K","-0.30%"
"06/02/2022","71.08","71.25","71.32","70.61","794.74K","0.13%"
"06/01/2022","70.99","71.51","71.70","70.73","860.14K","-0.39%"
"05/31/2022","71.27","71.70","71.70","70.90","1.92M","-2.05%"
"05/27/2022","72.76","72.93","73.10","72.56","1.22M","0.29%"
"05/26/2022","72.55","72.71","72.71","72.02","592.91K","-0.43%"
"05/25/2022","72.86","73.06","73.06","72.47","542.38K","0.29%"
"05/24/2022","72.65","72.09","73.03","72.05","789.35K","1.82%"
"05/23/2022","71.35","71.94","72.26","71.31","1.34M","-1.49%"
"05/20/2022","72.43","71.61","72.67","71.59","814.47K","1.09%"
"05/19/2022","71.65","72.50","72.53","71.49","785.25K","0.29%"
"05/18/2022","71.44","70.28","71.53","70.19","1.66M","1.91%"
"05/17/2022","70.10","70.21","70.60","70.06","806.72K","-1.16%"
"05/16/2022","70.92","71.06","71.46","70.89","757.99K","0.04%"
"05/13/2022","70.89","71.44","71.50","70.84","860.10K","-1.39%"
"05/12/2022","71.89","72.06","72.51","71.84","1.02M","-0.04%"
"05/11/2022","71.92","70.21","71.92","70.03","1.28M","1.68%"
"05/10/2022","70.73","70.88","71.44","70.59","1.00M","0.90%"
"05/09/2022","70.10","69.09","70.14","68.98","1.12M","0.81%"
"05/06/2022","69.54","69.81","70.30","69.34","1.27M","-1.33%"
"05/05/2022","70.48","71.03","71.11","69.75","2.56M","-2.56%"
"05/04/2022","72.33","71.93","72.53","71.59","10.29M","0.46%"
"05/03/2022","72.00","72.62","72.74","71.93","1.67M","0.57%"
"05/02/2022","71.59","71.92","72.05","71.40","1.01M","-1.77%"
"04/29/2022","72.88","72.75","73.67","72.63","2.03M","-1.15%"
"04/28/2022","73.73","73.33","73.75","73.15","938.53K","0.07%"
"04/27/2022","73.68","74.38","74.47","73.61","6.59M","-1.11%"
"04/26/2022","74.51","74.60","74.84","74.16","999.48K","0.93%"
"04/25/2022","73.82","73.92","74.38","73.76","1.04M","0.93%"
"04/22/2022","73.14","73.16","73.88","73.00","643.52K","-0.46%"
"04/21/2022","73.48","73.58","73.62","72.61","4.21M","-0.82%"
"04/20/2022","74.09","73.24","74.23","73.06","3.82M","1.98%"
"04/19/2022","72.65","72.59","72.95","72.38","1.19M","-0.83%"
"04/18/2022","73.26","73.62","73.74","72.97","959.72K","-0.38%"
"04/14/2022","73.54","74.78","74.84","73.48","1.08M","-1.89%"
"04/13/2022","74.96","74.89","75.59","74.83","982.78K","0.21%"
"04/12/2022","74.80","75.40","75.46","74.66","1.38M","-0.17%"
"04/11/2022","74.93","75.26","75.44","74.55","1.68M","-1.42%"
"04/08/2022","76.01","76.19","76.38","75.52","1.10M","-0.98%"
"04/07/2022","76.76","76.58","76.91","76.20","2.06M","-0.76%"
"04/06/2022","77.35","76.78","77.82","76.75","2.06M","-0.82%"
"04/05/2022","77.99","79.28","79.28","77.85","1.85M","-2.11%"
"04/04/2022","79.67","79.92","79.96","79.23","1.32M","-0.69%"
"04/01/2022","80.22","78.86","80.51","78.71","2.02M","-0.22%"
"03/31/2022","80.40","80.04","80.45","79.91","2.61M","0.64%"
"03/30/2022","79.89","78.92","80.02","78.90","1.49M","0.64%"
"03/29/2022","79.38","79.17","79.75","78.78","10.95M","0.88%"
"03/28/2022","78.69","78.50","79.21","78.36","1.56M","0.76%"
"03/25/2022","78.10","78.67","78.67","77.60","2.73M","-1.40%"
"03/24/2022","79.21","78.82","79.64","78.76","1.42M","-0.75%"
"03/23/2022","79.81","78.64","79.88","78.37","1.92M","1.95%"
"03/22/2022","78.28","78.45","78.59","78.08","1.91M","-1.06%"
"03/21/2022","79.12","79.76","79.97","78.89","2.61M","-2.24%"
"03/18/2022","80.93","80.47","81.03","80.47","1.63M","1.09%"
"03/17/2022","80.06","80.67","80.96","79.68","3.37M","-0.76%"
"03/16/2022","80.67","80.14","80.79","79.25","2.32M","0.84%"
"03/15/2022","80.00","80.74","80.91","79.83","2.10M","-0.25%"
"03/14/2022","80.20","80.73","80.81","80.15","2.71M","-2.12%"
"03/11/2022","81.94","81.66","82.25","81.56","2.35M","0.29%"
"03/10/2022","81.70","81.91","82.08","81.32","3.41M","-1.25%"
"03/09/2022","82.73","83.08","83.30","82.60","2.42M","-0.96%"
"03/08/2022","83.53","83.41","83.80","83.24","2.80M","-1.01%"
"03/07/2022","84.38","84.34","85.21","84.14","5.34M","-0.72%"
"03/04/2022","84.99","85.05","85.33","84.48","2.37M","1.67%"
"03/03/2022","83.59","83.36","84.07","83.10","1.89M","0.81%"
"03/02/2022","82.92","84.64","84.98","82.75","4.44M","-3.03%"
"03/01/2022","85.51","84.95","86.11","84.75","4.15M","1.15%"
"02/28/2022","84.54","83.89","84.79","83.81","2.88M","1.87%"
"02/25/2022","82.99","82.97","83.19","82.57","2.87M","0.01%"
"02/24/2022","82.98","84.22","84.24","82.61","3.61M","0.13%"
"02/23/2022","82.87","83.47","83.53","82.81","2.19M","-1.33%"
"02/22/2022","83.99","83.50","84.00","83.31","3.22M","0.23%"
"02/18/2022","83.80","83.36","83.84","83.18","2.06M","0.98%"
"02/17/2022","82.99","82.78","83.41","82.48","3.39M","0.72%"
"02/16/2022","82.40","82.50","82.59","81.67","3.20M","0.54%"
"02/15/2022","81.96","82.28","82.43","81.94","3.75M","-1.03%"
"02/14/2022","82.81","83.15","83.48","82.48","3.81M","-1.28%"
"02/11/2022","83.88","82.96","83.94","82.14","8.02M","1.54%"
"02/10/2022","82.61","83.43","83.53","82.41","5.77M","-1.47%"
"02/09/2022","83.84","84.03","84.41","83.75","3.89M","0.16%"
"02/08/2022","83.71","83.76","83.94","83.52","2.40M","-0.66%"
"02/07/2022","84.27","84.16","84.37","83.94","1.90M","0.10%"
"02/04/2022","84.19","84.70","84.82","84.04","5.00M","-1.43%"
"02/03/2022","85.41","85.05","85.59","84.88","4.60M","-0.73%"
"02/02/2022","86.04","85.89","86.78","85.86","2.44M","0.34%"
"02/01/2022","85.75","86.03","86.09","85.33","2.36M","-0.42%"
"01/31/2022","86.11","85.98","86.41","85.85","2.98M","-0.40%"
"01/28/2022","86.46","85.87","86.68","85.77","2.98M","0.01%"
"01/27/2022","86.45","86.04","86.61","86.04","3.00M","1.65%"
"01/26/2022","85.05","86.03","86.18","85.01","12.17M","-1.08%"
"01/25/2022","85.98","86.46","86.82","85.78","1.96M","-0.17%"
"01/24/2022","86.13","87.15","87.21","86.11","3.12M","-0.76%"
"01/21/2022","86.79","86.65","87.06","86.24","2.80M","1.12%"
"01/20/2022","85.83","85.50","85.85","85.36","1.56M","0.56%"
"01/19/2022","85.35","85.01","85.69","84.89","3.95M","0.67%"
"01/18/2022","84.78","85.26","85.45","84.73","2.80M","-1.34%"
"01/14/2022","85.93","86.70","86.70","85.76","2.04M","-1.43%"
"01/13/2022","87.18","86.65","87.23","86.48","2.64M","0.82%"
"01/12/2022","86.47","86.96","87.01","86.44","2.07M","-0.31%"
"01/11/2022","86.74","86.37","86.76","86.26","3.66M","0.52%"
"01/10/2022","86.29","85.75","86.36","85.57","2.43M","0.21%"
"01/07/2022","86.11","86.62","86.64","85.69","3.37M","-0.69%"
"01/06/2022","86.71","86.32","86.77","86.14","3.61M","0.17%"
"01/05/2022","86.56","87.21","87.21","86.41","2.75M","-0.47%"
"01/04/2022","86.97","86.92","87.21","86.43","6.55M","-0.44%"
"01/03/2022","87.35","88.47","88.76","87.35","3.63M","-2.31%"
"12/31/2021","89.42","89.27","89.96","89.05","3.12M","0.09%"
"12/30/2021","89.34","88.97","89.34","88.49","1.62M","0.85%"
"12/29/2021","88.59","88.78","88.97","88.46","1.87M","-1.08%"
"12/28/2021","89.56","90.26","90.36","89.39","1.22M","-0.33%"
"12/27/2021","89.86","89.64","89.94","89.57","1.13M","0.18%"
"12/23/2021","89.70","90.29","90.29","89.41","1.41M","-0.93%"
"12/22/2021","90.54","90.52","90.55","90.09","1.28M","0.43%"
"12/21/2021","90.15","89.58","90.19","89.28","2.08M","-0.38%"
"12/20/2021","90.49","91.08","91.22","90.40","3.11M","-0.64%"
"12/17/2021","91.07","90.81","91.21","90.75","2.89M","1.02%"
"12/16/2021","90.15","90.02","90.62","89.97","3.10M","0.08%"
"12/15/2021","90.08","90.30","90.96","90.04","3.32M","-0.88%"
"12/14/2021","90.88","90.75","91.04","90.16","1.92M","-0.26%"
"12/13/2021","91.12","90.73","91.25","90.71","1.57M","1.33%"
"12/10/2021","89.92","90.49","90.68","89.90","1.73M","-0.21%"
"12/09/2021","90.11","90.14","90.42","89.66","4.92M","0.59%"
"12/08/2021","89.58","90.67","90.68","89.58","3.23M","-1.50%"
"12/07/2021","90.94","91.35","91.80","90.88","2.35M","-0.72%"
"12/06/2021","91.60","92.66","92.81","91.47","3.98M","-1.26%"
"12/03/2021","92.77","91.31","93.26","91.13","4.14M","1.08%"
"12/02/2021","91.78","92.04","92.07","91.24","2.74M","0.07%"
"12/01/2021","91.72","90.69","91.75","90.30","4.03M","0.32%"
"11/30/2021","91.43","90.93","91.61","90.58","5.46M","1.52%"
"11/29/2021","90.06","89.50","90.26","89.41","2.49M","-0.74%"
"11/26/2021","90.73","89.83","90.87","89.73","2.92M","2.33%"
"11/24/2021","88.66","87.59","88.66","87.52","1.80M","1.43%"
"11/23/2021","87.41","88.17","88.27","87.37","2.20M","-1.33%"
"11/22/2021","88.59","89.04","89.18","88.31","1.89M","-1.12%"
"11/19/2021","89.59","89.22","89.75","89.18","1.79M","0.98%"
"11/18/2021","88.72","88.28","88.79","88.24","2.01M","0.36%"
"11/17/2021","88.40","87.44","88.42","87.41","2.26M","0.75%"
"11/16/2021","87.74","88.11","88.48","87.62","1.78M","-0.27%"
"11/15/2021","87.98","88.83","88.86","87.83","2.10M","-1.20%"
"11/12/2021","89.05","89.40","89.69","88.72","1.68M","-0.36%"
"11/11/2021","89.37","89.65","89.75","89.31","466.83K","-0.16%"
"11/10/2021","89.51","91.03","91.05","88.82","2.44M","-1.73%"
"11/09/2021","91.09","90.98","91.52","90.90","1.75M","1.18%"
"11/08/2021","90.03","90.02","90.16","89.78","1.19M","-0.19%"
"11/05/2021","90.20","89.77","90.40","89.57","1.42M","1.37%"
"11/04/2021","88.98","88.27","89.14","88.26","1.48M","1.01%"
"11/03/2021","88.09","89.39","89.44","88.09","2.73M","-0.93%"
"11/02/2021","88.92","88.58","89.22","88.58","1.73M","0.47%"
"11/01/2021","88.50","88.14","88.70","88.09","2.66M","-0.82%"
"10/29/2021","89.23","88.55","89.42","88.48","5.05M","0.28%"
"10/28/2021","88.98","89.35","89.66","88.84","2.81M","-0.44%"
"10/27/2021","89.37","88.67","89.68","88.40","3.78M","1.66%"
"10/26/2021","87.91","87.63","87.92","87.15","1.65M","0.73%"
"10/25/2021","87.27","87.10","87.49","87.10","1.57M","-0.11%"
"10/22/2021","87.37","87.00","87.53","86.85","2.48M","1.03%"
"10/21/2021","86.48","86.73","86.82","86.32","2.17M","-0.13%"
"10/20/2021","86.59","86.86","87.15","86.48","2.90M","-0.63%"
"10/19/2021","87.14","87.68","87.73","87.11","1.79M","-1.26%"
"10/18/2021","88.25","87.89","88.44","87.61","2.13M","0.33%"
"10/15/2021","87.96","87.98","88.00","87.65","1.89M","-0.55%"
"10/14/2021","88.45","88.17","88.51","87.94","1.79M","0.33%"
"10/13/2021","88.16","87.76","88.27","87.72","3.53M","0.90%"
"10/12/2021","87.37","86.62","87.43","86.54","2.84M","1.60%"
"10/11/2021","85.99","86.06","86.21","85.96","469.58K","-0.30%"
"10/08/2021","86.25","86.42","86.47","86.00","2.16M","-0.60%"
"10/07/2021","86.77","86.96","87.04","86.62","1.58M","-1.03%"
"10/06/2021","87.67","87.56","87.85","87.44","2.46M","0.47%"
"10/05/2021","87.26","87.80","87.83","87.13","2.30M","-0.84%"
"10/04/2021","88.00","87.81","88.28","87.51","2.92M","-0.20%"
"10/01/2021","88.18","87.91","88.24","87.57","4.79M","0.54%"
"09/30/2021","87.71","87.54","87.76","87.27","2.89M","0.00%"
"09/29/2021","87.71","87.91","88.28","87.27","2.88M","0.22%"
"09/28/2021","87.52","87.64","88.07","87.24","2.90M","-1.45%"
"09/27/2021","88.81","88.64","89.08","88.53","2.72M","-0.38%"
"09/24/2021","89.15","89.61","89.64","89.04","1.91M","-0.89%"
"09/23/2021","89.95","91.10","91.13","89.94","2.59M","-2.10%"
"09/22/2021","91.88","91.37","91.90","91.18","3.20M","0.51%"
"09/21/2021","91.41","91.33","91.44","91.02","1.85M","-0.11%"
"09/20/2021","91.51","91.24","91.68","91.02","1.58M","1.18%"
"09/17/2021","90.44","90.42","90.51","90.14","1.18M","-0.47%"
"09/16/2021","90.87","90.72","91.16","90.62","1.63M","-0.39%"
"09/15/2021","91.23","91.64","91.65","90.89","1.46M","-0.37%"
"09/14/2021","91.57","90.79","91.83","90.72","2.28M","1.06%"
"09/13/2021","90.61","90.39","90.66","90.36","1.31M","0.59%"
"09/10/2021","90.08","90.33","90.49","89.91","2.38M","-0.76%"
"09/09/2021","90.77","89.94","90.89","89.74","1.83M","1.14%"
"09/08/2021","89.75","89.63","89.94","89.48","1.88M","0.55%"
"09/07/2021","89.26","89.42","89.54","89.06","1.77M","-0.79%"
"09/03/2021","89.97","89.93","90.11","89.79","1.84M","-0.78%"
"09/02/2021","90.68","90.55","90.70","90.26","1.09M","0.41%"
"09/01/2021","90.31","90.53","90.61","90.11","1.72M","-0.08%"
"08/31/2021","90.38","90.82","91.03","90.13","2.90M","-0.57%"
"08/30/2021","90.90","90.39","90.93","90.37","1.96M","0.30%"
"08/27/2021","90.63","90.16","90.66","90.00","2.73M","0.53%"
"08/26/2021","90.15","89.81","90.15","89.57","1.70M","0.32%"
"08/25/2021","89.86","90.55","90.65","89.63","1.70M","-0.83%"
"08/24/2021","90.61","90.85","91.05","90.60","919.62K","-0.69%"
"08/23/2021","91.24","91.13","91.29","90.97","1.12M","-0.08%"
"08/20/2021","91.31","91.34","91.47","91.07","1.48M","0.07%"
"08/19/2021","91.25","91.15","91.27","90.90","1.34M","0.70%"
"08/18/2021","90.62","90.26","90.71","90.12","2.45M","0.29%"
"08/17/2021","90.36","90.38","90.71","90.24","1.53M","0.00%"
"08/16/2021","90.36","90.54","91.01","90.33","1.13M","0.24%"
"08/13/2021","90.14","89.19","90.14","89.19","978.08K","1.45%"
"08/12/2021","88.85","88.75","88.96","88.39","1.53M","-0.16%"
"08/11/2021","88.99","88.95","89.43","88.60","2.12M","-0.09%"
"08/10/2021","89.07","89.55","89.62","89.04","1.77M","-0.42%"
"08/09/2021","89.45","89.94","90.18","89.41","1.60M","-0.36%"
"08/06/2021","89.77","90.06","90.29","89.69","1.32M","-1.55%"
"08/05/2021","91.18","91.45","91.54","91.02","1.07M","-0.47%"
"08/04/2021","91.61","91.92","92.07","90.86","1.44M","0.22%"
"08/03/2021","91.41","91.40","91.71","91.24","1.02M","0.07%"
"08/02/2021","91.35","90.70","91.70","90.54","1.32M","0.64%"
"07/30/2021","90.77","90.51","90.86","90.49","1.24M","0.51%"
"07/29/2021","90.31","90.28","90.55","90.15","1.37M","-0.56%"
"07/28/2021","90.82","90.25","90.82","90.05","2.18M","0.03%"
"07/27/2021","90.79","90.63","90.85","90.45","1.50M","1.05%"
"07/26/2021","89.85","90.42","90.46","89.78","1.24M","-0.29%"
"07/23/2021","90.11","89.81","90.22","89.78","1.35M","-0.62%"
"07/22/2021","90.67","89.90","90.88","89.89","1.64M","0.80%"
"07/21/2021","89.95","89.99","90.15","89.44","1.77M","-1.20%"
"07/20/2021","91.04","92.45","92.58","90.89","2.19M","-0.87%"
"07/19/2021","91.84","91.54","92.09","91.36","2.65M","2.08%"
"07/16/2021","89.97","89.46","90.03","89.45","2.21M","-0.10%"
"07/15/2021","90.06","89.80","90.17","89.28","1.70M","0.99%"
"07/14/2021","89.18","88.67","89.19","88.57","1.85M","1.11%"
"07/13/2021","88.20","89.12","89.51","87.90","2.16M","-0.74%"
"07/12/2021","88.86","89.28","89.37","88.78","902.57K","-0.16%"
"07/09/2021","89.00","89.17","89.23","88.97","1.29M","-1.26%"
"07/08/2021","90.14","90.28","90.65","89.92","2.29M","0.35%"
"07/07/2021","89.83","89.58","90.14","89.37","1.85M","0.94%"
"07/06/2021","88.99","88.45","89.22","88.45","1.57M","1.06%"
"07/02/2021","88.06","87.61","88.07","87.54","682.27K","0.55%"
"07/01/2021","87.58","87.45","87.67","87.21","1.19M","-0.14%"
"06/30/2021","87.70","87.66","88.03","87.55","1.03M","0.47%"
"06/29/2021","87.29","87.01","87.31","86.95","1.29M","0.14%"
"06/28/2021","87.17","86.75","87.39","86.75","817.26K","0.96%"
"06/25/2021","86.34","87.07","87.14","85.99","2.17M","-0.97%"
"06/24/2021","87.19","87.15","87.43","87.11","1.01M","0.16%"
"06/23/2021","87.05","86.99","87.21","86.77","1.41M","-0.23%"
"06/22/2021","87.25","86.43","87.30","86.42","974.03K","0.20%"
"06/21/2021","87.08","87.71","87.75","86.93","990.25K","-1.53%"
"06/18/2021","88.43","87.62","88.61","87.50","2.78M","1.80%"
"06/17/2021","86.87","86.21","87.96","86.11","1.42M","1.34%"
"06/16/2021","85.72","86.01","86.17","85.28","1.08M","-0.13%"
"06/15/2021","85.83","85.65","85.83","85.51","995.68K","-0.10%"
"06/14/2021","85.92","86.42","86.42","85.78","696.42K","-0.72%"
"06/11/2021","86.54","86.53","86.58","86.28","272.10K","-0.10%"
"06/10/2021","86.63","85.68","86.69","85.60","705.13K","0.56%"
"06/09/2021","86.15","86.21","86.42","85.91","546.85K","0.83%"
"06/08/2021","85.44","85.58","85.59","85.36","496.06K","0.64%"
"06/07/2021","84.90","85.00","85.03","84.83","614.37K","-0.29%"
"06/04/2021","85.15","84.38","85.15","84.38","440.60K","1.30%"
"06/03/2021","84.06","84.32","84.34","83.96","477.33K","-0.36%"
"06/02/2021","84.36","84.35","84.50","84.24","387.34K","0.23%"
"06/01/2021","84.17","83.97","84.19","83.63","571.28K","-0.19%"
"05/28/2021","84.33","84.42","84.83","84.32","486.54K","-0.15%"
"05/27/2021","84.46","84.41","84.48","84.09","1.11M","-0.44%"
"05/26/2021","84.83","85.01","85.20","84.63","531.63K","-0.15%"
"05/25/2021","84.96","84.46","84.97","84.46","501.03K","0.93%"
"05/24/2021","84.18","84.08","84.43","84.04","347.22K","0.33%"
"05/21/2021","83.90","83.90","83.92","83.56","463.30K","0.27%"
"05/20/2021","83.67","83.35","83.79","83.32","520.44K","0.77%"
"05/19/2021","83.03","83.26","83.69","82.71","808.20K","-0.23%"
"05/18/2021","83.22","83.14","83.28","82.97","410.77K","-0.23%"
"05/17/2021","83.41","83.45","83.61","83.25","503.47K","-0.19%"
"05/14/2021","83.57","83.26","83.57","83.09","529.40K","0.78%"
"05/13/2021","82.92","82.96","83.21","82.78","779.56K","0.14%"
"05/12/2021","82.80","83.38","83.44","82.63","1.13M","-1.03%"
"05/11/2021","83.66","83.72","83.87","83.48","632.28K","-0.54%"
"05/10/2021","84.11","84.72","84.89","84.01","678.39K","-0.87%"
"05/07/2021","84.85","85.34","85.64","84.65","2.11M","-0.41%"
"05/06/2021","85.20","84.85","85.40","84.85","1.37M","0.14%"
"05/05/2021","85.08","84.71","85.19","84.65","752.11K","0.15%"
"05/04/2021","84.95","85.03","85.40","84.81","1.17M","0.56%"
"05/03/2021","84.48","84.56","85.10","84.33","887.24K","-0.09%"
"04/30/2021","84.56","84.45","84.58","84.15","698.54K","0.25%"
"04/29/2021","84.35","83.85","84.37","83.64","674.87K","-0.30%"
"04/28/2021","84.60","84.50","84.67","84.14","973.10K","0.11%"
"04/27/2021","84.51","85.05","85.20","84.44","953.13K","-0.86%"
"04/26/2021","85.24","85.38","85.59","85.24","589.36K","-0.11%"
"04/23/2021","85.33","85.51","85.55","85.02","490.74K","-0.18%"
"04/22/2021","85.48","85.31","85.51","84.83","540.26K","0.39%"
"04/21/2021","85.15","85.02","85.24","84.76","538.91K","0.18%"
"04/20/2021","85.00","84.38","85.14","84.38","560.50K","0.50%"
"04/19/2021","84.58","84.54","84.87","84.43","705.75K","-0.31%"
"04/16/2021","84.84","84.72","85.13","84.63","2.00M","-0.66%"
"04/15/2021","85.40","84.94","85.83","84.94","876.89K","1.50%"
"04/14/2021","84.14","84.10","84.22","83.85","680.68K","-0.30%"
"04/13/2021","84.39","83.74","84.39","83.66","568.26K","0.68%"
"04/12/2021","83.82","83.79","83.84","83.59","461.62K","0.00%"
"04/09/2021","83.82","83.81","84.22","83.60","547.42K","-0.36%"
"04/08/2021","84.12","83.72","84.12","83.72","459.21K","0.78%"
"04/07/2021","83.47","83.75","84.14","83.45","569.74K","-0.63%"
"04/06/2021","84.00","83.62","84.07","83.50","752.00K","0.67%"
"04/05/2021","83.44","83.23","83.45","82.89","1.46M","-0.43%"
"04/01/2021","83.80","83.24","83.86","83.11","2.13M","1.21%"
"03/31/2021","82.80","83.12","83.28","82.38","1.29M","-0.36%"
"03/30/2021","83.10","82.54","83.25","82.38","539.81K","0.50%"
"03/29/2021","82.69","83.45","83.45","82.39","494.40K","-0.83%"
"03/26/2021","83.38","83.24","83.70","83.12","789.68K","-0.39%"
"03/25/2021","83.71","84.36","84.51","83.63","877.10K","-0.68%"
"03/24/2021","84.28","83.59","84.30","83.54","570.44K","0.51%"
"03/23/2021","83.85","83.31","83.88","83.08","410.47K","0.89%"
"03/22/2021","83.11","82.79","83.20","82.61","390.00K","1.01%"
"03/19/2021","82.28","81.82","82.28","81.69","618.94K","0.59%"
"03/18/2021","81.80","81.38","82.06","81.32","867.23K","-0.92%"
"03/17/2021","82.56","82.48","82.68","81.92","847.86K","-0.77%"
"03/16/2021","83.20","83.27","83.59","82.84","565.14K","-0.31%"
"03/15/2021","83.46","83.24","83.58","83.19","522.40K","0.53%"
"03/12/2021","83.02","83.17","83.19","82.73","861.42K","-2.02%"
"03/11/2021","84.73","84.79","84.90","84.41","614.13K","-0.63%"
"03/10/2021","85.27","85.15","85.34","84.86","563.67K","0.19%"
"03/09/2021","85.11","84.85","85.18","84.70","1.19M","1.23%"
"03/08/2021","84.08","84.59","84.62","84.03","563.36K","-0.71%"
"03/05/2021","84.68","84.21","84.89","84.12","608.35K","0.14%"
"03/04/2021","84.56","85.14","85.31","84.16","850.23K","-0.65%"
"03/03/2021","85.11","85.03","85.43","84.64","776.51K","-1.06%"
"03/02/2021","86.02","85.60","86.02","85.53","764.87K","0.00%"
"03/01/2021","86.02","85.73","86.13","85.41","660.87K","-1.35%"
"02/26/2021","87.20","85.76","87.29","85.17","1.65M","3.17%"
"02/25/2021","84.52","85.17","85.41","83.72","2.16M","-1.73%"
"02/24/2021","86.01","85.13","86.16","85.01","792.48K","-0.54%"
"02/23/2021","86.48","86.35","86.93","86.17","777.47K","-0.32%"
"02/22/2021","86.76","87.22","87.63","86.48","540.84K","-0.73%"
"02/19/2021","87.40","87.82","87.98","87.15","321.84K","-1.23%"
"02/18/2021","88.49","88.12","88.69","87.97","373.54K","-0.33%"
"02/17/2021","88.78","88.86","89.10","88.29","387.34K","0.54%"
"02/16/2021","88.30","88.46","88.71","88.14","685.84K","-1.38%"
"02/12/2021","89.54","89.89","90.11","89.53","545.92K","-1.22%"
"02/11/2021","90.65","91.06","91.12","90.52","324.63K","-0.50%"
"02/10/2021","91.11","90.83","91.11","90.74","324.18K","0.62%"
"02/09/2021","90.55","90.79","91.03","90.46","277.25K","0.08%"
"02/08/2021","90.48","90.25","90.85","90.13","1.27M","0.38%"
"02/05/2021","90.14","90.74","91.00","90.10","1.85M","-0.84%"
"02/04/2021","90.90","90.84","91.00","90.63","292.41K","-0.22%"
"02/03/2021","91.10","91.52","91.62","91.07","627.03K","-0.86%"
"02/02/2021","91.89","91.70","91.93","91.60","279.43K","-0.64%"
"02/01/2021","92.48","92.24","92.65","92.16","383.51K","-0.01%"
"01/29/2021","92.49","92.18","92.77","92.06","1.96M","-0.59%"
"01/28/2021","93.04","93.27","93.32","92.60","420.92K","-0.56%"
"01/27/2021","93.56","93.68","93.93","93.39","578.03K","0.30%"
"01/26/2021","93.28","93.11","93.41","93.03","200.62K","-0.15%"
"01/25/2021","93.42","92.92","93.46","92.85","344.12K","1.11%"
"01/22/2021","92.39","92.40","92.47","92.16","303.63K","0.24%"
"01/21/2021","92.17","92.16","92.33","91.95","297.29K","-0.63%"
"01/20/2021","92.75","92.48","92.75","92.36","318.29K","0.06%"
"01/19/2021","92.69","92.27","92.69","92.19","578.26K","0.29%"
"01/15/2021","92.42","92.58","92.69","92.18","383.86K","0.39%"
"01/14/2021","92.06","92.82","92.84","91.78","565.88K","-0.86%"
"01/13/2021","92.86","92.29","93.09","92.25","372.80K","1.02%"
"01/12/2021","91.92","91.76","91.99","91.27","520.76K","-0.04%"
"01/11/2021","91.96","91.92","92.00","91.63","353.59K","-0.21%"
"01/08/2021","92.15","92.19","92.45","91.73","294.24K","-0.32%"
"01/07/2021","92.45","92.40","92.59","92.10","660.47K","-0.82%"
"01/06/2021","93.21","93.60","93.60","92.70","469.44K","-1.98%"
"01/05/2021","95.09","95.39","95.39","94.65","286.87K","-0.73%"
"01/04/2021","95.79","95.24","96.08","95.13","343.02K","-0.07%"
"12/31/2020","95.86","95.66","96.05","95.66","254.90K","0.17%"
"12/30/2020","95.70","95.32","95.72","95.25","184.76K","0.18%"
"12/29/2020","95.53","95.06","95.57","95.06","321.43K","-0.10%"
"12/28/2020","95.63","95.07","95.67","94.89","288.56K","0.01%"
"12/24/2020","95.62","95.33","95.65","95.33","132.54K","0.43%"
"12/23/2020","95.21","95.19","95.21","94.52","220.61K","-1.13%"
"12/22/2020","96.30","96.17","96.34","95.95","359.98K","0.46%"
"12/21/2020","95.86","95.93","96.03","95.53","290.04K","0.41%"
"12/18/2020","95.47","95.89","96.08","95.37","297.25K","-0.27%"
"12/17/2020","95.73","96.52","96.70","95.50","367.13K","-0.28%"
"12/16/2020","96.00","95.52","96.28","95.40","232.01K","-0.25%"
"12/15/2020","96.24","96.22","96.55","95.95","319.12K","-0.31%"
"12/14/2020","96.54","96.04","96.74","95.79","165.56K","-0.29%"
"12/11/2020","96.82","96.71","97.13","96.51","230.49K","0.38%"
"12/10/2020","96.45","95.85","96.52","95.69","331.05K","0.85%"
"12/09/2020","95.64","95.47","95.92","95.20","222.61K","-0.29%"
"12/08/2020","95.92","96.07","96.38","95.89","246.88K","0.43%"
"12/07/2020","95.51","95.38","95.69","95.29","241.10K","0.87%"
"12/04/2020","94.69","95.01","95.05","94.46","261.87K","-1.46%"
"12/03/2020","96.09","95.72","96.23","95.55","247.22K","0.80%"
"12/02/2020","95.33","95.71","95.73","94.88","320.61K","-0.77%"
"12/01/2020","96.07","96.68","96.79","95.60","391.16K","-1.52%"
"11/30/2020","97.55","97.60","97.88","97.45","305.00K","-0.14%"
"11/27/2020","97.69","97.33","97.75","97.33","482.05K","0.89%"
"11/25/2020","96.83","97.13","97.50","96.79","201.29K","-0.26%"
"11/24/2020","97.08","97.53","97.57","96.96","414.21K","-0.93%"
"11/23/2020","97.99","98.01","98.13","97.73","286.28K","-0.46%"
"11/20/2020","98.44","97.86","98.46","97.79","372.32K","0.84%"
"11/19/2020","97.62","97.53","97.93","97.47","211.94K","0.54%"
"11/18/2020","97.10","97.23","97.30","96.61","303.19K","0.22%"
"11/17/2020","96.89","96.82","97.03","96.73","171.17K","0.65%"
"11/16/2020","96.26","96.20","96.54","96.15","611.96K","-0.20%"
"11/13/2020","96.45","96.58","96.75","96.33","374.15K","-0.14%"
"11/12/2020","96.59","95.76","96.62","95.64","1.20M","1.59%"
"11/11/2020","95.08","94.65","95.18","94.61","942.49K","0.32%"
"11/10/2020","94.78","94.63","95.10","94.50","414.52K","-0.54%"
"11/09/2020","95.29","95.20","95.30","94.42","711.98K","-2.02%"
"11/06/2020","97.25","97.34","97.51","96.95","389.56K","-1.14%"
"11/05/2020","98.37","98.52","98.58","97.92","455.15K","0.18%"
"11/04/2020","98.19","98.50","98.84","97.91","707.83K","2.08%"
"11/03/2020","96.19","96.29","96.37","95.84","2.81M","-0.54%"
"11/02/2020","96.71","96.80","97.08","96.59","592.91K","0.49%"
"10/30/2020","96.24","97.03","97.22","96.21","1.23M","-0.96%"
"10/29/2020","97.17","98.08","98.11","96.76","435.56K","-0.96%"
"10/28/2020","98.11","98.46","98.51","97.80","422.11K","0.13%"
"10/27/2020","97.98","97.79","98.06","97.61","821.06K","0.63%"
"10/26/2020","97.37","97.21","97.74","97.07","294.19K","0.93%"
"10/23/2020","96.47","95.80","96.58","95.78","330.91K","0.57%"
"10/22/2020","95.92","96.66","96.83","95.91","283.63K","-1.02%"
"10/21/2020","96.91","96.98","97.27","96.74","499.13K","-0.35%"
"10/20/2020","97.25","97.59","97.73","97.07","471.42K","-0.89%"
"10/19/2020","98.12","97.95","98.22","97.70","224.70K","-0.38%"
"10/16/2020","98.49","98.61","99.00","98.25","828.30K","-0.27%"
"10/15/2020","98.76","99.46","99.49","98.61","191.52K","-0.15%"
"10/14/2020","98.91","99.05","99.25","98.82","202.46K","0.20%"
"10/13/2020","98.71","98.34","98.72","98.34","1.90M","0.75%"
"10/12/2020","97.98","97.89","98.10","97.73","187.54K","0.28%"
"10/09/2020","97.71","97.35","97.81","97.00","329.64K","-0.04%"
"10/08/2020","97.75","97.64","97.79","97.48","185.09K","0.55%"
"10/07/2020","97.22","97.42","97.89","97.00","228.40K","-0.76%"
"10/06/2020","97.96","97.27","98.42","96.91","218.42K","0.54%"
"10/05/2020","97.43","98.23","98.23","97.39","692.21K","-1.87%"
"10/02/2020","99.29","99.81","99.81","98.96","949.27K","-0.41%"
"10/01/2020","99.70","99.09","99.87","98.90","306.46K","0.04%"
"09/30/2020","99.66","100.03","100.03","99.17","772.38K","-0.84%"
"09/29/2020","100.50","100.54","100.77","100.39","191.91K","0.09%"
"09/28/2020","100.41","100.51","100.58","100.28","606.53K","-0.29%"
"09/25/2020","100.70","100.65","100.86","100.47","528.86K","0.07%"
"09/24/2020","100.63","100.59","100.67","100.41","192.91K","0.30%"
"09/23/2020","100.33","100.18","100.33","99.71","764.65K","0.16%"
"09/22/2020","100.17","100.23","100.52","99.97","178.53K","-0.08%"
"09/21/2020","100.25","100.52","100.82","100.10","362.87K","0.47%"
"09/18/2020","99.78","100.12","100.17","99.64","978.19K","-0.31%"
"09/17/2020","100.09","100.57","100.59","99.91","255.25K","0.27%"
"09/16/2020","99.82","100.48","100.51","99.47","423.89K","-0.26%"
"09/15/2020","100.08","100.12","100.25","99.89","181.98K","-0.23%"
"09/14/2020","100.31","100.47","100.64","100.13","133.45K","0.06%"
"09/11/2020","100.25","100.20","100.33","100.08","166.94K","0.17%"
"09/10/2020","100.08","99.12","100.21","98.85","429.73K","0.48%"
"09/09/2020","99.60","100.00","100.16","99.30","322.08K","-0.30%"
"09/08/2020","99.90","100.24","100.69","99.88","209.65K","0.57%"
"09/04/2020","99.33","100.27","100.40","99.14","398.96K","-1.82%"
"09/03/2020","101.17","101.04","101.93","100.89","381.23K","0.29%"
"09/02/2020","100.88","99.74","100.93","99.72","545.77K","0.92%"
"09/01/2020","99.96","98.75","100.06","98.40","254.82K","0.97%"
"08/31/2020","99.00","98.68","99.60","98.66","387.62K","0.57%"
"08/28/2020","98.44","98.79","98.91","98.10","237.03K","-0.05%"
"08/27/2020","98.49","100.56","100.56","98.44","234.60K","-1.62%"
"08/26/2020","100.11","100.14","100.28","99.64","269.39K","-0.38%"
"08/25/2020","100.49","100.28","100.68","99.96","336.19K","-0.67%"
"08/24/2020","101.17","101.46","101.79","101.17","386.21K","-0.21%"
"08/21/2020","101.38","101.12","101.44","100.70","191.20K","0.55%"
"08/20/2020","100.83","100.89","101.06","100.73","173.32K","0.87%"
"08/19/2020","99.96","100.87","101.00","99.73","168.42K","-0.60%"
"08/18/2020","100.56","100.28","100.60","100.17","251.54K","0.70%"
"08/17/2020","99.86","100.09","100.35","99.75","250.92K","0.23%"
"08/14/2020","99.63","99.98","100.13","99.60","268.86K","-0.35%"
"08/13/2020","99.98","100.79","100.96","99.56","267.14K","-1.05%"
"08/12/2020","101.04","101.05","101.27","100.64","730.62K","-0.81%"
"08/11/2020","101.86","101.92","102.11","101.16","457.06K","-1.16%"
"08/10/2020","103.06","103.68","103.72","103.03","190.71K","-0.44%"
"08/07/2020","103.52","104.32","104.45","103.35","760.19K","-0.62%"
"08/06/2020","104.17","104.43","104.90","103.96","285.02K","0.49%"
"08/05/2020","103.66","103.65","103.91","103.40","2.63M","-0.80%"
"08/04/2020","104.50","104.12","104.52","104.01","199.81K","0.90%"
"08/03/2020","103.57","103.15","103.58","103.00","361.25K","-0.55%"
"07/31/2020","104.14","103.73","104.46","103.61","206.06K","-0.12%"
"07/30/2020","104.27","104.23","104.34","104.07","154.01K","0.65%"
"07/29/2020","103.60","103.65","103.80","103.08","191.70K","-0.14%"
"07/28/2020","103.75","103.30","103.80","103.27","522.63K","0.67%"
"07/27/2020","103.06","103.74","103.77","103.00","347.98K","-0.38%"
"07/24/2020","103.45","103.06","103.55","102.96","141.11K","-0.01%"
"07/23/2020","103.46","103.02","103.52","102.77","163.84K","1.09%"
"07/22/2020","102.34","102.59","102.71","102.27","154.76K","0.28%"
"07/21/2020","102.05","102.05","102.28","101.92","221.57K","0.11%"
"07/20/2020","101.94","102.16","102.21","101.77","425.86K","0.21%"
"07/17/2020","101.73","102.04","102.06","101.54","661.45K","-0.18%"
"07/16/2020","101.91","102.07","102.28","101.90","142.09K","0.43%"
"07/15/2020","101.47","101.20","101.82","101.18","169.07K","-0.43%"
"07/14/2020","101.91","102.44","102.50","101.82","185.98K","0.14%"
"07/13/2020","101.77","100.99","101.82","100.85","428.70K","0.32%"
"07/10/2020","101.45","102.46","102.56","101.38","206.02K","-0.49%"
"07/09/2020","101.95","100.53","102.12","100.52","235.83K","1.51%"
"07/08/2020","100.43","100.32","100.65","100.03","186.02K","-0.39%"
"07/07/2020","100.82","99.75","100.88","99.66","248.86K","1.37%"
"07/06/2020","99.46","99.13","99.52","98.83","481.35K","-0.34%"
"07/02/2020","99.80","99.33","99.96","99.09","193.37K","0.05%"
"07/01/2020","99.75","99.44","99.84","99.03","235.13K","-0.35%"
"06/30/2020","100.10","100.92","100.92","99.85","422.99K","-0.47%"
"06/29/2020","100.57","100.65","100.89","100.42","387.82K","-0.30%"
"06/26/2020","100.87","100.33","100.91","100.26","292.48K","1.05%"
"06/25/2020","99.82","100.30","100.34","99.80","193.79K","0.23%"
"06/24/2020","99.59","98.69","99.62","98.69","233.77K","1.00%"
"06/23/2020","98.60","98.64","98.98","98.46","276.79K","-0.56%"
"06/22/2020","99.16","99.70","99.79","99.00","182.75K","-0.01%"
"06/19/2020","99.17","98.36","99.26","98.36","156.57K","0.05%"
"06/18/2020","99.12","99.02","99.24","98.79","129.71K","1.04%"
"06/17/2020","98.10","97.94","98.25","97.41","214.41K","0.28%"
"06/16/2020","97.83","97.40","98.48","97.00","327.13K","-1.36%"
"06/15/2020","99.18","100.10","100.23","99.06","521.94K","0.03%"
"06/12/2020","99.15","99.17","99.93","98.99","299.22K","-0.96%"
"06/11/2020","100.11","99.74","100.24","99.40","309.20K","1.92%"
"06/10/2020","98.22","97.32","98.30","97.21","260.79K","1.41%"
"06/09/2020","96.85","97.17","97.55","96.73","259.14K","1.14%"
"06/08/2020","95.76","94.85","95.86","94.83","250.55K","0.27%"
"06/05/2020","95.50","94.58","95.50","93.71","1.27M","-0.71%"
"06/04/2020","96.18","97.15","97.19","96.12","259.88K","-1.35%"
"06/03/2020","97.50","97.94","98.00","97.16","369.82K","-1.35%"
"06/02/2020","98.83","98.79","99.09","98.56","2.13M","-0.29%"
"06/01/2020","99.12","99.06","99.23","98.80","277.20K","-0.79%"
"05/29/2020","99.91","99.48","100.18","99.26","597.98K","0.65%"
"05/28/2020","99.26","99.01","99.33","98.83","301.35K","-0.36%"
"05/27/2020","99.62","99.47","100.02","99.34","281.32K","-0.13%"
"05/26/2020","99.75","100.02","100.02","99.56","174.62K","-1.26%"
"05/22/2020","101.02","100.59","101.16","100.51","139.42K","0.48%"
"05/21/2020","100.54","100.69","100.95","100.34","112.61K","0.36%"
"05/20/2020","100.18","99.68","100.57","99.53","161.26K","0.20%"
"05/19/2020","99.98","99.47","99.98","99.40","196.97K","0.39%"
"05/18/2020","99.59","100.69","100.78","99.23","334.98K","-2.06%"
"05/15/2020","101.68","102.70","102.76","101.49","465.10K","-0.32%"
"05/14/2020","102.01","102.17","102.60","101.94","362.47K","0.93%"
"05/13/2020","101.07","100.78","101.50","100.65","171.10K","0.66%"
"05/12/2020","100.41","99.72","100.69","99.68","271.94K","0.99%"
"05/11/2020","99.43","99.96","100.28","99.07","397.12K","-0.76%"
"05/08/2020","100.19","100.45","101.03","99.97","434.74K","-1.27%"
"05/07/2020","101.48","99.89","101.60","99.81","169.51K","1.62%"
"05/06/2020","99.86","99.70","99.95","99.02","319.62K","-1.51%"
"05/05/2020","101.39","101.01","101.47","100.81","601.17K","-0.54%"
"05/04/2020","101.94","102.24","102.27","101.58","289.75K","-0.44%"
"05/01/2020","102.39","102.14","102.54","101.58","330.48K","0.56%"
"04/30/2020","101.82","102.91","103.19","101.76","239.58K","-0.99%"
"04/29/2020","102.84","103.42","103.75","102.46","941.21K","-0.56%"
"04/28/2020","103.42","102.76","103.51","102.69","274.62K","1.11%"
"04/27/2020","102.28","103.47","103.47","102.13","383.96K","-1.71%"
"04/24/2020","104.06","103.33","104.13","103.27","411.27K","0.15%"
"04/23/2020","103.90","103.55","104.22","103.43","184.73K","0.61%"
"04/22/2020","103.27","103.70","103.84","102.91","317.45K","-1.04%"
"04/21/2020","104.36","104.84","104.93","104.03","290.70K","1.14%"
"04/20/2020","103.18","102.66","103.18","102.42","659.26K","0.80%"
"04/17/2020","102.36","103.50","104.15","101.96","597.37K","-1.16%"
"04/16/2020","103.56","103.05","103.83","103.04","1.13M","0.98%"
"04/15/2020","102.55","101.75","102.81","101.65","303.60K","2.52%"
"04/14/2020","100.03","100.01","100.52","99.76","340.19K","-0.11%"
"04/13/2020","100.14","100.40","101.16","100.00","293.02K","-0.56%"
"04/09/2020","100.70","100.13","101.13","100.00","580.32K","-0.01%"
"04/08/2020","100.71","100.82","101.35","100.31","407.36K","-0.65%"
"04/07/2020","101.37","100.61","101.59","100.04","407.83K","-0.98%"
"04/06/2020","102.37","101.98","102.76","101.60","266.80K","-0.37%"
"04/03/2020","102.75","102.79","103.81","102.64","398.20K","0.09%"
"04/02/2020","102.66","103.24","103.28","102.01","293.21K","0.94%"
"04/01/2020","101.70","103.42","103.42","101.47","727.61K","0.68%"
"03/31/2020","101.01","101.01","102.07","100.64","609.08K","-0.47%"
"03/30/2020","101.49","102.80","103.97","101.33","348.72K","-0.90%"
"03/27/2020","102.41","101.06","102.86","100.55","277.34K","2.44%"
"03/26/2020","99.97","100.55","101.11","99.49","1.41M","0.28%"
"03/25/2020","99.69","99.87","101.75","98.81","332.98K","-0.05%"
"03/24/2020","99.74","98.71","100.73","97.85","697.11K","-1.19%"
"03/23/2020","100.94","97.06","101.49","96.07","722.42K","4.01%"
"03/20/2020","97.05","94.01","97.05","93.00","759.84K","6.64%"
"03/19/2020","91.01","90.14","93.99","89.28","1.90M","1.00%"
"03/18/2020","90.11","93.31","94.22","85.60","1.46M","-4.03%"
"03/17/2020","93.89","100.00","101.00","93.76","586.30K","-6.58%"
"03/16/2020","100.50","96.88","100.88","96.08","1.24M","6.01%"
"03/13/2020","94.80","94.80","96.14","92.69","901.85K","-1.39%"
"03/12/2020","96.14","99.57","101.77","95.00","1.50M","-1.27%"
"03/11/2020","97.38","101.07","102.31","97.01","933.75K","-2.69%"
"03/10/2020","100.07","103.83","105.74","99.61","741.20K","-4.72%"
"03/09/2020","105.03","109.36","109.76","105.03","1.51M","3.26%"
"03/06/2020","101.71","102.18","103.16","100.25","965.42K","4.91%"
"03/05/2020","96.95","96.17","97.12","96.01","324.06K","2.33%"
"03/04/2020","94.74","95.73","96.24","94.44","1.65M","-1.00%"
"03/03/2020","95.70","94.11","97.60","93.22","765.15K","1.59%"
"03/02/2020","94.20","95.01","95.77","94.10","1.01M","-0.90%"
"02/28/2020","95.06","94.54","95.43","94.34","1.50M","2.18%"
"02/27/2020","93.03","93.48","93.69","92.35","1.72M","1.06%"
"02/26/2020","92.05","91.80","92.85","91.56","916.93K","-0.58%"
"02/25/2020","92.59","91.92","92.87","91.92","1.04M","0.71%"
"02/24/2020","91.94","92.32","92.38","91.82","495.42K","1.46%"
"02/21/2020","90.62","90.48","91.10","90.40","1.05M","0.91%"
"02/20/2020","89.80","89.45","89.93","89.41","172.26K","0.76%"
"02/19/2020","89.12","88.89","89.16","88.80","347.10K","0.06%"
"02/18/2020","89.07","89.03","89.42","88.77","216.08K","0.61%"
"02/14/2020","88.53","88.65","88.83","88.47","216.79K","0.42%"
"02/13/2020","88.16","87.88","88.30","87.78","132.90K","0.34%"
"02/12/2020","87.86","87.86","87.94","87.64","136.13K","-0.48%"
"02/11/2020","88.28","88.57","88.64","88.18","139.19K","-0.50%"
"02/10/2020","88.72","88.86","88.95","88.62","172.22K","0.31%"
"02/07/2020","88.45","88.37","88.62","88.20","338.71K","1.12%"
"02/06/2020","87.47","87.11","87.55","87.03","143.16K","0.49%"
"02/05/2020","87.04","87.22","87.42","86.94","196.25K","-1.05%"
"02/04/2020","87.96","88.22","88.22","87.66","220.40K","-1.38%"
"02/03/2020","89.19","88.82","89.25","88.29","1.11M","-0.17%"
"01/31/2020","89.34","88.94","89.42","88.87","452.62K","0.89%"
"01/30/2020","88.55","88.78","89.20","88.42","214.55K","-0.03%"
"01/29/2020","88.58","87.86","88.63","87.86","136.99K","1.03%"
"01/28/2020","87.68","88.20","88.25","87.53","236.18K","-0.78%"
"01/27/2020","88.37","88.23","88.39","87.95","313.52K","1.49%"
"01/24/2020","87.07","86.71","87.36","86.63","257.93K","0.82%"
"01/23/2020","86.36","86.31","86.63","86.30","443.39K","0.66%"
"01/22/2020","85.79","85.66","85.89","85.58","154.04K","0.30%"
"01/21/2020","85.53","85.15","85.61","85.09","160.21K","0.98%"
"01/17/2020","84.70","84.39","84.71","84.26","331.46K","-0.73%"
"01/16/2020","85.32","85.36","85.47","85.05","174.16K","-0.34%"
"01/15/2020","85.61","85.50","85.65","85.24","156.67K","0.67%"
"01/14/2020","85.04","84.70","85.05","84.70","142.48K","0.52%"
"01/13/2020","84.60","84.56","84.66","84.26","188.32K","-0.33%"
"01/10/2020","84.88","84.38","84.88","84.38","179.11K","0.84%"
"01/09/2020","84.17","83.43","84.27","83.38","167.56K","0.30%"
"01/08/2020","83.92","84.61","84.81","83.62","292.44K","-0.57%"
"01/07/2020","84.40","84.76","84.91","84.40","292.31K","-0.53%"
"01/06/2020","84.85","85.65","85.65","84.72","260.67K","-0.48%"
"01/03/2020","85.26","84.78","85.31","84.56","310.32K","1.49%"
"01/02/2020","84.01","83.75","84.31","83.75","452.43K","0.89%"
"12/31/2019","83.27","83.55","83.66","83.11","164.12K","-0.77%"
"12/30/2019","83.92","83.33","83.97","83.21","202.42K","-0.31%"
"12/27/2019","84.18","84.28","84.36","84.18","94.56K","0.14%"
"12/26/2019","84.06","83.91","84.11","83.73","89.80K","0.18%"
"12/24/2019","83.91","83.35","84.02","83.33","41.10K","0.38%"
"12/23/2019","83.59","83.90","83.99","83.42","140.91K","-0.42%"
"12/20/2019","83.94","83.67","84.00","83.54","93.23K","0.17%"
"12/19/2019","83.80","83.59","84.08","83.44","309.41K","0.08%"
"12/18/2019","83.73","84.24","84.30","83.61","133.78K","-0.77%"
"12/17/2019","84.38","84.72","84.84","84.20","84.68K","-0.15%"
"12/16/2019","84.51","84.91","84.91","84.31","221.75K","-0.86%"
"12/13/2019","85.24","84.69","85.50","84.21","249.51K","1.12%"
"12/12/2019","84.30","85.34","85.39","83.81","474.44K","-1.55%"
"12/11/2019","85.63","85.39","85.89","85.36","181.29K","0.75%"
"12/10/2019","84.99","85.38","85.41","84.90","548.42K","-0.05%"
"12/09/2019","85.03","85.26","85.30","84.99","144.02K","0.28%"
"12/06/2019","84.79","84.68","85.25","84.57","422.37K","-0.64%"
"12/05/2019","85.34","85.02","85.49","84.98","638.40K","-0.40%"
"12/04/2019","85.68","86.06","86.14","85.36","205.36K","-0.95%"
"12/03/2019","86.50","85.87","86.88","85.80","262.59K","1.98%"
"12/02/2019","84.82","84.72","84.99","84.61","484.73K","-1.50%"
"11/29/2019","86.11","86.22","86.27","85.71","289.26K","-0.19%"
"11/27/2019","86.27","86.24","86.39","86.10","82.39K","-0.29%"
"11/26/2019","86.52","86.49","86.62","86.41","178.10K","0.57%"
"11/25/2019","86.03","86.03","86.16","85.95","126.27K","0.27%"
"11/22/2019","85.80","85.92","85.99","85.66","192.46K","0.13%"
"11/21/2019","85.69","85.65","85.88","85.36","1.15M","-0.57%"
"11/20/2019","86.18","85.80","86.21","85.74","122.41K","1.04%"
"11/19/2019","85.29","84.91","85.42","84.90","308.95K","0.74%"
"11/18/2019","84.66","84.79","85.01","84.62","1.82M","0.24%"
"11/15/2019","84.46","84.34","84.74","84.32","197.97K","-0.12%"
"11/14/2019","84.56","84.52","84.89","84.47","138.31K","1.00%"
"11/13/2019","83.72","83.93","84.04","83.59","120.88K","0.61%"
"11/12/2019","83.21","83.00","83.38","82.75","132.44K","0.31%"
"11/11/2019","82.95","82.97","83.16","82.67","117.91K","0.12%"
"11/08/2019","82.85","82.99","83.42","82.75","290.13K","-0.41%"
"11/07/2019","83.19","83.69","83.69","82.53","302.53K","-1.71%"
"11/06/2019","84.64","84.69","84.87","84.30","152.42K","0.55%"
"11/05/2019","84.18","84.19","84.30","83.91","231.26K","-1.06%"
"11/04/2019","85.08","85.23","85.35","84.98","307.52K","-1.25%"
"11/01/2019","86.16","86.32","86.65","85.75","343.33K","-0.52%"
"10/31/2019","86.61","86.16","86.88","86.16","196.27K","1.33%"
"10/30/2019","85.47","84.60","85.53","84.59","278.18K","1.35%"
"10/29/2019","84.33","84.46","84.53","84.21","274.65K","0.09%"
"10/28/2019","84.25","84.45","84.45","84.08","256.66K","-0.85%"
"10/25/2019","84.97","85.63","85.63","84.89","307.13K","-0.49%"
"10/24/2019","85.39","85.71","86.02","85.31","157.53K","-0.16%"
"10/23/2019","85.53","85.92","86.06","85.53","334.34K","0.08%"
"10/22/2019","85.46","85.52","85.60","85.13","119.70K","0.56%"
"10/21/2019","84.98","85.04","85.30","84.87","89.23K","-0.76%"
"10/18/2019","85.63","85.74","86.03","85.58","478.91K","-0.05%"
"10/17/2019","85.67","85.60","86.11","85.48","574.22K","-0.16%"
"10/16/2019","85.81","85.62","85.90","85.47","280.25K","0.12%"
"10/15/2019","85.71","86.28","86.45","85.62","164.77K","-1.11%"
"10/14/2019","86.67","86.74","86.78","86.56","93.96K","0.56%"
"10/11/2019","86.19","86.48","86.53","85.72","701.37K","-1.18%"
"10/10/2019","87.22","87.76","87.76","86.91","326.57K","-1.38%"
"10/09/2019","88.44","88.65","88.65","88.16","378.99K","-0.61%"
"10/08/2019","88.98","89.40","89.42","88.65","465.19K","0.23%"
"10/07/2019","88.78","88.95","89.17","88.70","259.26K","-0.78%"
"10/04/2019","89.48","89.07","89.50","88.98","732.79K","0.73%"
"10/03/2019","88.83","88.27","89.26","88.10","419.16K","0.87%"
"10/02/2019","88.06","87.95","88.41","87.84","260.51K","0.31%"
"10/01/2019","87.79","86.63","88.16","86.57","632.50K","0.06%"
"09/30/2019","87.74","87.03","87.74","86.99","514.02K","0.25%"
"09/27/2019","87.52","87.30","87.64","87.17","238.75K","0.25%"
"09/26/2019","87.30","87.24","87.65","87.07","164.67K","0.55%"
"09/25/2019","86.82","87.86","88.00","86.58","198.81K","-1.40%"
"09/24/2019","88.05","87.35","88.18","87.33","215.99K","1.18%"
"09/23/2019","87.02","87.21","87.73","86.91","219.36K","0.02%"
"09/20/2019","87.00","86.31","87.04","86.12","206.29K","1.27%"
"09/19/2019","85.91","86.30","86.42","85.88","170.74K","0.26%"
"09/18/2019","85.69","85.86","86.27","85.62","182.40K","0.46%"
"09/17/2019","85.30","84.87","85.62","84.68","396.10K","0.54%"
"09/16/2019","84.84","84.57","84.98","84.25","257.77K","1.20%"
"09/13/2019","83.83","84.84","85.08","83.83","705.94K","-2.06%"
"09/12/2019","85.59","86.72","86.90","85.31","1.14M","-0.64%"
"09/11/2019","86.14","86.08","86.53","86.06","160.03K","-0.20%"
"09/10/2019","86.31","87.57","87.82","86.28","254.55K","-1.67%"
"09/09/2019","87.78","88.14","88.25","87.78","248.05K","-1.76%"
"09/06/2019","89.35","88.99","89.43","88.92","679.42K","0.64%"
"09/05/2019","88.78","89.23","89.31","88.24","329.94K","-1.65%"
"09/04/2019","90.27","89.77","90.45","89.75","156.02K","0.09%"
"09/03/2019","90.19","90.12","91.00","89.77","584.83K","-0.04%"
"08/30/2019","90.23","89.83","90.37","89.70","195.56K","0.01%"
"08/29/2019","90.22","90.21","90.27","89.55","284.48K","-0.36%"
"08/28/2019","90.55","91.15","91.20","90.50","134.09K","0.10%"
"08/27/2019","90.46","89.85","90.51","89.80","171.28K","1.55%"
"08/26/2019","89.08","89.42","89.63","89.03","961.38K","-0.41%"
"08/23/2019","89.45","88.00","89.64","87.97","350.20K","1.61%"
"08/22/2019","88.03","88.30","88.68","87.91","172.78K","-0.63%"
"08/21/2019","88.59","88.72","89.39","88.50","288.12K","-0.69%"
"08/20/2019","89.21","89.08","89.22","88.80","624.41K","1.00%"
"08/19/2019","88.33","88.01","88.65","88.00","526.84K","-1.32%"
"08/16/2019","89.51","89.51","89.70","88.83","439.98K","-0.79%"
"08/15/2019","90.22","89.39","90.94","89.26","747.48K","1.12%"
"08/14/2019","89.22","88.91","89.27","88.71","378.41K","2.16%"
"08/13/2019","87.33","88.17","88.20","87.01","215.68K","-0.38%"
"08/12/2019","87.66","86.88","87.89","86.77","1.62M","2.08%"
"08/09/2019","85.87","86.30","86.75","85.81","298.94K","-0.22%"
"08/08/2019","86.06","85.38","86.13","84.77","353.77K","0.20%"
"08/07/2019","85.89","87.31","87.69","85.80","644.00K","0.09%"
"08/06/2019","85.81","84.85","85.88","84.75","658.59K","0.69%"
"08/05/2019","85.22","84.81","85.27","84.53","425.75K","1.77%"
"08/02/2019","83.74","83.34","83.76","83.17","482.85K","0.84%"
"08/01/2019","83.04","81.95","83.13","81.89","319.23K","1.62%"
"07/31/2019","81.72","80.96","81.92","80.95","190.78K","0.84%"
"07/30/2019","81.04","81.13","81.18","80.81","129.55K","0.24%"
"07/29/2019","80.85","81.02","81.08","80.77","174.57K","0.07%"
"07/26/2019","80.79","80.95","80.99","80.68","111.45K","0.17%"
"07/25/2019","80.65","80.69","80.74","80.24","136.72K","-0.44%"
"07/24/2019","81.01","80.86","81.03","80.82","156.91K","0.41%"
"07/23/2019","80.68","80.89","80.95","80.51","176.43K","-0.51%"
"07/22/2019","81.09","81.43","81.43","80.96","86.74K","0.14%"
"07/19/2019","80.98","80.89","81.06","80.85","58.04K","-0.18%"
"07/18/2019","81.13","80.81","81.31","80.67","148.90K","-0.01%"
"07/17/2019","81.14","80.57","81.14","80.57","256.08K","1.13%"
"07/16/2019","80.23","80.04","80.27","79.91","116.58K","-0.37%"
"07/15/2019","80.53","80.18","80.56","80.18","166.29K","0.60%"
"07/12/2019","80.05","79.84","80.18","79.75","161.47K","0.09%"
"07/11/2019","79.98","80.69","80.75","79.77","341.06K","-1.30%"
"07/10/2019","81.03","81.34","81.37","80.84","800.66K","-0.53%"
"07/09/2019","81.46","81.50","81.54","81.21","186.69K","-0.05%"
"07/08/2019","81.50","81.71","81.83","81.49","130.85K","0.14%"
"07/05/2019","81.39","81.45","81.45","80.94","219.49K","-1.23%"
"07/03/2019","82.40","82.04","82.48","82.03","97.20K","0.62%"
"07/02/2019","81.89","81.44","81.92","81.40","226.61K","0.78%"
"07/01/2019","81.26","81.43","81.56","80.89","365.42K","-0.48%"
"06/28/2019","81.65","81.46","81.79","81.40","246.17K","-0.02%"
"06/27/2019","81.67","81.35","81.80","81.19","75.02K","0.69%"
"06/26/2019","81.11","81.57","81.57","81.07","247.42K","-0.65%"
"06/25/2019","81.64","81.60","81.80","81.59","276.78K","0.34%"
"06/24/2019","81.36","81.22","81.44","81.18","99.16K","0.69%"
"06/21/2019","80.80","81.42","81.44","80.75","283.19K","-1.00%"
"06/20/2019","81.62","81.66","82.01","81.50","150.17K","0.20%"
"06/19/2019","81.46","81.04","81.57","80.87","177.45K","0.23%"
"06/18/2019","81.27","81.53","81.61","81.11","150.96K","0.42%"
"06/17/2019","80.93","80.78","80.99","80.61","1.41M","0.22%"
"06/14/2019","80.75","80.55","80.92","80.55","316.26K","0.17%"
"06/13/2019","80.61","80.41","80.67","80.41","204.69K","0.35%"
"06/12/2019","80.33","80.17","80.35","80.10","206.49K","0.05%"
"06/11/2019","80.29","80.17","80.37","80.11","990.97K","0.11%"
"06/10/2019","80.20","80.33","80.33","80.09","227.61K","-0.89%"
"06/07/2019","80.92","80.99","81.11","80.79","140.76K","0.81%"
"06/06/2019","80.27","80.45","80.85","80.12","105.20K","0.31%"
"06/05/2019","80.02","80.19","80.48","80.01","175.65K","-0.55%"
"06/04/2019","80.46","80.71","80.93","80.24","286.82K","-1.09%"
"06/03/2019","81.35","81.04","81.44","80.84","904.39K","0.41%"
"05/31/2019","81.02","80.46","81.05","80.37","679.46K","1.26%"
"05/30/2019","80.01","79.48","80.02","79.24","199.29K","0.83%"
"05/29/2019","79.35","79.71","79.85","79.30","415.61K","0.27%"
"05/28/2019","79.14","78.88","79.22","78.76","1.17M","0.78%"
"05/24/2019","78.53","78.42","78.56","78.32","124.18K","0.04%"
"05/23/2019","78.50","78.00","78.74","78.00","125.87K","1.12%"
"05/22/2019","77.63","77.31","77.69","77.30","111.74K","0.56%"
"05/21/2019","77.20","77.26","77.30","77.09","175.92K","-0.18%"
"05/20/2019","77.34","77.56","77.70","77.28","86.80K","-0.22%"
"05/17/2019","77.51","77.65","77.65","77.32","134.05K","0.28%"
"05/16/2019","77.29","77.36","77.39","77.21","101.14K","-0.34%"
"05/15/2019","77.55","77.61","77.62","77.33","117.27K","0.62%"
"05/14/2019","77.07","77.19","77.27","77.02","243.55K","-0.32%"
"05/13/2019","77.32","77.11","77.44","77.03","143.01K","0.85%"
"05/10/2019","76.67","76.77","77.10","76.63","415.57K","-0.16%"
"05/09/2019","76.79","76.95","77.05","76.55","65.19K","0.41%"
"05/08/2019","76.48","76.97","77.04","76.46","88.77K","-0.48%"
"05/07/2019","76.85","76.59","76.95","76.52","142.40K","0.79%"
"05/06/2019","76.25","76.46","76.50","76.25","428.76K","0.25%"
"05/03/2019","76.06","76.07","76.16","75.89","76.62K","0.33%"
"05/02/2019","75.81","76.05","76.14","75.69","82.26K","-0.49%"
"05/01/2019","76.18","76.07","76.54","76.01","417.26K","0.12%"
"04/30/2019","76.09","75.67","76.14","75.62","111.80K","0.53%"
"04/29/2019","75.69","75.78","75.88","75.61","177.84K","-0.59%"
"04/26/2019","76.14","76.25","76.28","76.08","189.05K","0.33%"
"04/25/2019","75.89","75.99","76.05","75.73","64.98K","-0.12%"
"04/24/2019","75.98","75.77","76.03","75.74","124.05K","0.80%"
"04/23/2019","75.38","75.43","75.48","75.32","115.59K","0.21%"
"04/22/2019","75.22","75.36","75.39","75.21","133.16K","-0.48%"
"04/18/2019","75.58","75.55","75.70","75.55","91.63K","0.44%"
"04/17/2019","75.25","75.17","75.40","75.13","192.18K","0.05%"
"04/16/2019","75.21","75.39","75.45","75.16","109.62K","-0.56%"
"04/15/2019","75.63","75.55","75.67","75.53","135.00K","0.23%"
"04/12/2019","75.46","75.62","75.69","75.45","192.90K","-0.70%"
"04/11/2019","75.99","76.25","76.31","75.92","89.87K","-0.54%"
"04/10/2019","76.40","76.46","76.55","76.33","168.61K","0.20%"
"04/09/2019","76.25","76.42","76.47","76.15","142.44K","0.32%"
"04/08/2019","76.01","76.13","76.22","76.00","93.64K","-0.31%"
"04/05/2019","76.25","76.04","76.36","76.03","168.54K","0.07%"
"04/04/2019","76.20","76.05","76.20","75.94","280.28K","0.33%"
"04/03/2019","75.95","76.03","76.17","75.91","199.93K","-0.93%"
"04/02/2019","76.66","76.57","76.70","76.40","240.49K","0.31%"
"04/01/2019","76.42","77.06","77.07","76.35","588.86K","-1.72%"
"03/29/2019","77.76","77.30","77.76","77.28","813.45K","-0.04%"
"03/28/2019","77.79","77.63","77.91","77.51","651.11K","0.34%"
"03/27/2019","77.53","77.17","77.69","77.10","272.93K","0.83%"
"03/26/2019","76.89","76.72","77.05","76.68","313.03K","-0.05%"
"03/25/2019","76.93","76.79","77.45","76.58","557.95K","0.10%"
"03/22/2019","76.85","76.43","77.05","76.34","552.40K","1.57%"
"03/21/2019","75.66","75.69","75.74","75.56","86.63K","0.21%"
"03/20/2019","75.50","74.94","75.54","74.91","207.64K","0.98%"
"03/19/2019","74.77","74.54","74.84","74.43","99.02K","-0.19%"
"03/18/2019","74.91","74.84","75.01","74.79","132.25K","-0.03%"
"03/15/2019","74.93","74.95","75.06","74.74","67.67K","0.58%"
"03/14/2019","74.50","74.92","74.92","74.43","721.39K","-0.64%"
"03/13/2019","74.98","74.90","75.08","74.87","156.37K","-0.19%"
"03/12/2019","75.12","74.64","75.21","74.63","125.42K","0.74%"
"03/11/2019","74.57","74.71","74.73","74.48","168.87K","-0.36%"
"03/08/2019","74.84","74.58","74.89","74.41","283.09K","0.43%"
"03/07/2019","74.52","74.29","74.65","74.26","168.16K","0.58%"
"03/06/2019","74.09","73.85","74.20","73.83","203.89K","0.39%"
"03/05/2019","73.80","73.44","73.81","73.44","119.17K","0.20%"
"03/04/2019","73.65","73.43","73.73","73.31","186.92K","0.79%"
"03/01/2019","73.07","73.47","73.61","73.06","746.85K","-1.18%"
"02/28/2019","73.94","74.24","74.24","73.73","389.08K","-0.30%"
"02/27/2019","74.16","74.55","74.55","74.07","78.00K","-1.03%"
"02/26/2019","74.93","74.92","74.97","74.70","89.86K","0.44%"
"02/25/2019","74.60","74.57","74.66","74.43","105.01K","-0.29%"
"02/22/2019","74.82","74.75","75.02","74.72","60.94K","0.56%"
"02/21/2019","74.40","74.50","74.55","74.28","77.86K","-0.89%"
"02/20/2019","75.07","75.03","75.12","74.83","106.09K","-0.23%"
"02/19/2019","75.24","75.32","75.39","75.03","117.80K","0.24%"
"02/15/2019","75.06","74.78","75.06","74.78","109.90K","0.16%"
"02/14/2019","74.94","75.15","75.17","74.81","283.81K","0.55%"
"02/13/2019","74.53","74.54","74.67","74.39","193.39K","-0.36%"
"02/12/2019","74.80","74.86","74.89","74.60","878.69K","-0.25%"
"02/11/2019","74.99","74.97","75.14","74.92","67.51K","-0.37%"
"02/08/2019","75.27","75.20","75.34","75.10","420.97K","0.43%"
"02/07/2019","74.95","74.71","74.98","74.64","96.75K","0.66%"
"02/06/2019","74.46","74.69","74.69","74.29","101.19K","0.04%"
"02/05/2019","74.43","74.26","74.57","74.24","81.85K","0.46%"
"02/04/2019","74.09","74.12","74.16","73.85","238.45K","-0.46%"
"02/01/2019","74.43","74.72","74.80","74.36","256.05K","-0.85%"
"01/31/2019","75.07","74.79","75.15","74.78","271.06K","0.90%"
"01/30/2019","74.40","74.34","74.45","74.11","131.88K","-0.11%"
"01/29/2019","74.48","74.18","74.48","74.09","61.58K","0.49%"
"01/28/2019","74.12","74.18","74.40","74.08","77.55K","-0.12%"
"01/25/2019","74.21","74.21","74.31","74.07","559.51K","-0.42%"
"01/24/2019","74.52","74.42","74.62","74.34","101.62K","0.62%"
"01/23/2019","74.06","73.79","74.24","73.75","182.68K","-0.01%"
"01/22/2019","74.07","74.05","74.29","73.91","178.16K","0.67%"
"01/18/2019","73.58","73.79","73.91","73.47","465.65K","-0.55%"
"01/17/2019","73.99","74.02","74.19","73.84","145.57K","0.00%"
"01/16/2019","73.99","73.65","74.10","73.61","134.81K","0.12%"
"01/15/2019","73.90","74.17","74.17","73.84","207.30K","-0.36%"
"01/14/2019","74.17","74.43","74.46","74.04","1.13M","-0.36%"
"01/11/2019","74.44","74.39","74.59","74.27","52.18K","0.39%"
"01/10/2019","74.15","74.62","74.67","74.07","319.14K","-0.56%"
"01/09/2019","74.57","74.62","74.69","74.35","115.55K","-0.23%"
"01/08/2019","74.74","74.85","75.02","74.69","96.33K","-0.24%"
"01/07/2019","74.92","75.43","75.44","74.83","121.07K","-0.27%"
"01/04/2019","75.12","75.26","75.36","74.86","699.20K","-1.17%"
"01/03/2019","76.01","75.24","76.18","75.24","199.77K","1.13%"
"01/02/2019","75.16","74.84","75.16","74.64","730.41K","0.60%"
"12/31/2018","74.71","74.24","74.88","74.13","210.78K","0.38%"
"12/28/2018","74.43","74.09","74.44","74.04","425.77K","0.77%"
"12/27/2018","73.86","74.55","74.67","73.85","99.66K","0.00%"
"12/26/2018","73.86","74.45","74.68","73.81","97.49K","-1.01%"
"12/24/2018","74.61","74.46","74.63","74.36","584.16K","0.20%"
"12/21/2018","74.46","74.67","74.72","74.26","160.92K","0.01%"
"12/20/2018","74.45","75.21","75.21","74.42","182.13K","-0.36%"
"12/19/2018","74.72","74.07","74.98","73.99","139.94K","1.26%"
"12/18/2018","73.79","73.47","73.88","73.38","133.25K","0.57%"
"12/17/2018","73.37","72.97","73.44","72.97","103.31K","0.58%"
"12/14/2018","72.95","72.99","73.08","72.81","172.18K","0.32%"
"12/13/2018","72.72","72.94","72.98","72.64","268.02K","-0.21%"
"12/12/2018","72.87","72.98","73.09","72.79","354.76K","-0.45%"
"12/11/2018","73.20","73.23","73.47","73.03","250.29K","-0.01%"
"12/10/2018","73.21","73.18","73.42","72.94","121.87K","0.45%"
"12/07/2018","72.88","72.57","72.98","72.37","77.09K","0.12%"
"12/06/2018","72.79","72.99","73.37","72.75","157.90K","0.37%"
"12/04/2018","72.52","71.92","73.00","71.87","328.92K","1.57%"
"12/03/2018","71.40","70.66","71.40","70.66","101.87K","0.46%"
"11/30/2018","71.07","71.06","71.08","70.87","153.73K","0.35%"
"11/29/2018","70.82","70.81","70.99","70.61","39.35K","0.44%"
"11/28/2018","70.51","70.76","70.86","70.49","38.73K","-0.49%"
"11/27/2018","70.86","70.70","70.97","70.70","112.57K","0.10%"
"11/26/2018","70.79","70.73","70.88","70.71","948.42K","-0.14%"
"11/23/2018","70.89","71.23","71.26","70.89","395.81K","0.03%"
"11/21/2018","70.87","70.74","70.89","70.58","60.95K","0.00%"
"11/20/2018","70.87","70.98","71.07","70.79","132.65K","0.04%"
"11/19/2018","70.84","70.48","70.84","70.48","50.34K","0.28%"
"11/16/2018","70.64","70.37","70.70","70.19","104.45K","0.53%"
"11/15/2018","70.27","70.50","70.56","70.01","104.68K","-0.04%"
"11/14/2018","70.30","69.89","70.54","69.81","68.95K","0.16%"
"11/13/2018","70.19","70.02","70.19","69.91","73.56K","-0.11%"
"11/12/2018","70.27","69.97","70.40","69.97","57.98K","0.63%"
"11/09/2018","69.83","69.43","69.87","69.43","330.61K","0.74%"
"11/08/2018","69.32","69.57","69.57","69.28","39.70K","-0.04%"
"11/07/2018","69.35","69.76","69.86","69.30","98.88K","0.13%"
"11/06/2018","69.26","69.41","69.45","69.25","266.22K","-0.07%"
"11/05/2018","69.31","69.35","69.45","69.28","86.88K","0.36%"
"11/02/2018","69.06","69.71","69.77","68.97","416.11K","-1.22%"
"11/01/2018","69.91","69.56","69.97","69.56","67.60K","-0.06%"
"10/31/2018","69.95","70.10","70.22","69.82","270.09K","-0.58%"
"10/30/2018","70.36","70.40","70.55","70.27","53.48K","-0.45%"
"10/29/2018","70.68","70.75","70.80","70.40","71.64K","-0.23%"
"10/26/2018","70.84","70.76","71.02","70.73","383.80K","0.62%"
"10/25/2018","70.40","70.56","70.66","70.35","83.15K","-0.42%"
"10/24/2018","70.70","70.40","70.70","70.39","45.71K","0.76%"
"10/23/2018","70.17","70.65","70.81","70.13","48.56K","0.30%"
"10/22/2018","69.96","70.15","70.21","69.91","29.60K","-0.11%"
"10/19/2018","70.04","70.09","70.14","69.84","147.19K","-0.20%"
"10/18/2018","70.18","69.95","70.41","69.91","46.42K","-0.01%"
"10/17/2018","70.19","70.60","70.66","70.16","30.62K","-0.52%"
"10/16/2018","70.56","70.47","70.60","70.29","384.34K","0.09%"
"10/15/2018","70.50","70.62","70.67","70.40","41.14K","0.07%"
"10/12/2018","70.45","70.44","70.79","70.38","106.61K","-0.35%"
"10/11/2018","70.70","70.19","70.86","70.11","136.81K","1.17%"
"10/10/2018","69.88","69.70","69.92","69.49","78.34K","-0.26%"
"10/09/2018","70.06","69.67","70.10","69.67","256.58K","0.94%"
"10/08/2018","69.41","69.62","69.67","69.41","56.64K","-0.32%"
"10/05/2018","69.63","69.83","69.97","69.40","68.69K","-0.80%"
"10/04/2018","70.19","70.29","70.44","70.03","116.03K","-0.67%"
"10/03/2018","70.66","71.53","71.60","70.34","72.14K","-1.74%"
"10/02/2018","71.91","71.77","72.04","71.74","44.51K","0.64%"
"10/01/2018","71.45","71.75","71.87","71.44","44.52K","-1.00%"
"09/28/2018","72.17","72.51","72.52","72.13","71.85K","-0.21%"
"09/27/2018","72.32","72.13","72.35","72.05","27.01K","0.06%"
"09/26/2018","72.28","71.96","72.36","71.80","542.97K","0.68%"
"09/25/2018","71.79","71.68","71.83","71.63","55.09K","-0.10%"
"09/24/2018","71.86","71.84","72.16","71.84","38.11K","-0.26%"
"09/21/2018","72.05","71.87","72.14","71.87","42.70K","0.00%"
"09/20/2018","72.05","71.71","72.14","71.70","53.91K","0.38%"
"09/19/2018","71.78","72.05","72.05","71.58","57.58K","-0.50%"
"09/18/2018","72.14","72.62","72.62","72.08","39.64K","-1.06%"
"09/17/2018","72.91","72.70","73.05","72.66","33.91K","0.03%"
"09/14/2018","72.89","72.80","73.09","72.76","40.54K","-0.44%"
"09/13/2018","73.21","73.41","73.50","73.18","54.03K","0.11%"
"09/12/2018","73.13","73.19","73.27","73.09","176.31K","0.22%"
"09/11/2018","72.97","73.18","73.25","72.93","44.77K","-0.69%"
"09/10/2018","73.48","73.26","73.50","73.26","48.35K","0.34%"
"09/07/2018","73.23","73.39","73.40","73.21","36.62K","-0.81%"
"09/06/2018","73.83","73.62","73.95","73.60","59.17K","0.30%"
"09/05/2018","73.61","73.60","73.71","73.51","36.10K","-0.23%"
"09/04/2018","73.78","73.76","73.85","73.63","101.32K","-0.82%"
"08/31/2018","74.39","74.89","74.93","74.33","177.21K","-0.20%"
"08/30/2018","74.54","74.55","74.64","74.42","31.53K","0.19%"
"08/29/2018","74.40","74.34","74.45","74.14","52.43K","0.13%"
"08/28/2018","74.30","74.36","74.41","74.22","31.88K","-0.55%"
"08/27/2018","74.71","74.86","74.88","74.67","80.52K","-0.57%"
"08/24/2018","75.14","74.74","75.14","74.68","421.76K","0.21%"
"08/23/2018","74.98","75.00","75.05","74.84","44.61K","0.09%"
"08/22/2018","74.91","74.95","74.98","74.71","43.12K","0.39%"
"08/21/2018","74.62","74.61","74.65","74.46","51.78K","-0.28%"
"08/20/2018","74.83","74.76","74.90","74.72","32.02K","0.58%"
"08/17/2018","74.40","74.41","74.58","74.24","510.60K","0.16%"
"08/16/2018","74.28","74.29","74.35","73.95","33.08K","0.00%"
"08/15/2018","74.28","74.17","74.47","74.16","73.18K","0.54%"
"08/14/2018","73.88","74.12","74.13","73.83","39.37K","-0.20%"
"08/13/2018","74.03","73.90","74.17","73.90","74.04K","-0.22%"
"08/10/2018","74.19","73.99","74.40","73.95","54.41K","0.77%"
"08/09/2018","73.62","73.35","73.69","73.27","71.77K","0.73%"
"08/08/2018","73.09","72.96","73.19","72.95","102.19K","0.12%"
"08/07/2018","73.00","73.21","73.22","72.94","55.63K","-0.45%"
"08/06/2018","73.33","73.49","73.67","73.33","45.10K","0.07%"
"08/03/2018","73.28","73.08","73.34","73.08","134.76K","0.47%"
"08/02/2018","72.94","72.92","73.01","72.74","107.20K","0.10%"
"08/01/2018","72.87","72.77","73.04","72.65","71.43K","-0.99%"
"07/31/2018","73.60","73.64","73.71","73.52","44.98K","0.53%"
"07/30/2018","73.21","73.19","73.44","73.18","74.38K","-0.33%"
"07/27/2018","73.45","73.67","73.68","73.42","150.38K","0.14%"
"07/26/2018","73.35","73.63","73.65","73.26","34.21K","-0.12%"
"07/25/2018","73.44","73.79","73.91","73.38","47.29K","-0.18%"
"07/24/2018","73.57","73.35","73.67","73.25","33.93K","0.31%"
"07/23/2018","73.34","74.00","74.00","73.28","29.74K","-1.17%"
"07/20/2018","74.21","74.72","74.72","74.17","464.88K","-1.16%"
"07/19/2018","75.08","74.82","75.20","74.82","115.81K","0.59%"
"07/18/2018","74.64","74.95","74.97","74.59","22.41K","-0.36%"
"07/17/2018","74.91","75.14","75.19","74.89","1.03M","-0.23%"
"07/16/2018","75.08","75.09","75.11","74.77","43.02K","-0.44%"
"07/13/2018","75.41","75.31","75.45","75.27","58.95K","0.33%"
"07/12/2018","75.16","75.07","75.23","75.06","21.79K","-0.05%"
"07/11/2018","75.20","75.19","75.26","74.98","43.33K","0.37%"
"07/10/2018","74.92","74.89","75.04","74.86","139.19K","-0.01%"
"07/09/2018","74.93","75.00","75.05","74.89","49.06K","-0.57%"
"07/06/2018","75.36","75.42","75.50","75.25","103.52K","0.33%"
"07/05/2018","75.11","75.02","75.28","75.00","465.29K","0.24%"
"07/03/2018","74.93","74.66","74.96","74.66","18.41K","0.46%"
"07/02/2018","74.59","74.82","74.84","74.55","79.65K","-0.25%"
"06/29/2018","74.78","75.04","75.24","74.78","537.49K","-0.29%"
"06/28/2018","75.00","75.02","75.07","74.87","69.51K","-0.03%"
"06/27/2018","75.02","74.82","75.04","74.71","38.68K","0.96%"
"06/26/2018","74.31","74.25","74.34","74.19","17.65K","0.08%"
"06/25/2018","74.25","74.20","74.46","74.20","49.49K","0.20%"
"06/22/2018","74.10","73.84","74.12","73.84","15.76K","0.07%"
"06/21/2018","74.05","73.98","74.18","73.93","33.40K","0.46%"
"06/20/2018","73.71","74.24","74.24","73.70","28.20K","-0.79%"
"06/19/2018","74.30","74.36","74.49","74.23","20.86K","0.53%"
"06/18/2018","73.91","74.06","74.07","73.82","32.43K","-0.04%"
"06/15/2018","73.94","74.25","74.38","73.94","88.32K","0.05%"
"06/14/2018","73.90","73.66","73.90","73.50","28.50K","0.80%"
"06/13/2018","73.31","73.43","73.52","72.99","39.80K","-0.05%"
"06/12/2018","73.35","73.16","73.43","73.14","55.67K","0.00%"
"06/11/2018","73.35","73.23","73.37","73.17","25.49K","-0.18%"
"06/08/2018","73.48","73.52","73.66","73.45","30.56K","-0.35%"
"06/07/2018","73.74","72.99","74.05","72.99","81.32K","1.00%"
"06/06/2018","73.01","73.24","73.24","72.85","31.35K","-0.82%"
"06/05/2018","73.61","73.73","73.84","73.58","504.36K","0.27%"
"06/04/2018","73.41","73.86","73.88","73.39","30.52K","-0.69%"
"06/01/2018","73.92","73.85","74.16","73.66","500.46K","-0.82%"
"05/31/2018","74.53","74.73","74.98","74.39","42.43K","-0.11%"
"05/30/2018","74.61","74.38","74.62","74.26","88.68K","-0.65%"
"05/29/2018","75.10","74.21","75.26","74.07","164.50K","2.11%"
"05/25/2018","73.55","73.51","73.65","73.45","223.71K","0.60%"
"05/24/2018","73.11","73.01","73.19","72.95","281.54K","0.76%"
"05/23/2018","72.56","72.43","72.63","72.42","141.92K","0.68%"
"05/22/2018","72.07","72.16","72.17","71.94","82.95K","-0.11%"
"05/21/2018","72.15","72.05","72.17","71.93","32.88K","0.01%"
"05/18/2018","72.14","71.69","72.17","71.69","39.85K","0.87%"
"05/17/2018","71.52","71.78","71.86","71.47","28.24K","-0.50%"
"05/16/2018","71.88","72.23","72.26","71.88","250.64K","-0.37%"
"05/15/2018","72.15","72.31","72.31","71.82","60.43K","-1.10%"
"05/14/2018","72.95","73.06","73.17","72.94","30.90K","-0.52%"
"05/11/2018","73.33","73.36","73.40","73.08","204.53K","0.23%"
"05/10/2018","73.16","72.92","73.21","72.80","91.57K","0.73%"
"05/09/2018","72.63","72.71","72.86","72.59","114.25K","-0.53%"
"05/08/2018","73.02","72.94","73.11","72.77","157.87K","-0.08%"
"05/07/2018","73.08","73.18","73.18","73.02","74.97K","-0.12%"
"05/04/2018","73.17","73.33","73.35","72.93","127.26K","0.11%"
"05/03/2018","73.09","73.10","73.34","73.02","581.68K","0.44%"
"05/02/2018","72.77","72.98","73.08","72.74","49.93K","-0.10%"
"05/01/2018","72.84","73.06","73.06","72.72","46.06K","-0.65%"
"04/30/2018","73.32","73.23","73.50","73.20","100.48K","0.27%"
"04/27/2018","73.12","72.87","73.17","72.87","27.07K","0.69%"
"04/26/2018","72.62","72.45","72.66","72.36","63.65K","0.67%"
"04/25/2018","72.14","72.28","72.42","71.95","90.49K","-0.61%"
"04/24/2018","72.58","72.75","72.89","72.48","56.54K","-0.48%"
"04/23/2018","72.93","72.78","72.97","72.67","50.44K","0.05%"
"04/20/2018","72.89","73.13","73.30","72.84","61.18K","-0.71%"
"04/19/2018","73.41","73.43","73.50","73.11","56.03K","-0.76%"
"04/18/2018","73.97","74.53","74.56","73.96","38.98K","-0.80%"
"04/17/2018","74.57","74.30","74.76","74.30","35.92K","0.27%"
"04/16/2018","74.37","73.93","74.37","73.86","66.15K","0.00%"
"04/13/2018","74.37","74.11","74.45","74.11","62.60K","0.23%"
"04/12/2018","74.20","74.44","74.44","74.05","29.61K","-0.74%"
"04/11/2018","74.75","74.95","75.00","74.60","36.83K","0.34%"
"04/10/2018","74.50","74.54","74.64","74.28","27.75K","-0.13%"
"04/09/2018","74.60","74.23","74.62","74.07","24.78K","0.09%"
"04/06/2018","74.53","74.20","74.53","74.01","24.94K","1.11%"
"04/05/2018","73.71","73.89","73.96","73.70","44.61K","-0.71%"
"04/04/2018","74.24","74.60","74.69","74.16","354.92K","-0.19%"
"04/03/2018","74.38","74.63","74.68","74.33","33.73K","-0.75%"
"04/02/2018","74.94","74.68","75.26","74.48","105.60K","-0.11%"
"03/29/2018","75.02","74.78","75.19","74.75","80.07K","0.56%"
"03/28/2018","74.60","74.70","74.82","74.44","55.42K","0.21%"
"03/27/2018","74.44","73.73","74.47","73.73","45.39K","1.03%"
"03/26/2018","73.68","73.81","74.08","73.66","37.16K","-0.38%"
"03/23/2018","73.96","73.68","74.01","73.68","87.89K","-0.03%"
"03/22/2018","73.98","74.03","74.28","73.65","89.91K","0.97%"
"03/21/2018","73.27","73.00","73.40","72.70","36.46K","0.10%"
"03/20/2018","73.20","73.15","73.32","73.15","38.19K","-0.45%"
"03/19/2018","73.53","73.38","73.79","73.36","51.76K","-0.14%"
"03/16/2018","73.63","73.70","73.80","73.55","24.01K","-0.46%"
"03/15/2018","73.97","73.94","74.08","73.73","25.12K","-0.03%"
"03/14/2018","73.99","73.46","74.10","73.46","85.79K","0.86%"
"03/13/2018","73.36","73.22","73.47","73.01","17.02K","0.44%"
"03/12/2018","73.04","72.78","73.05","72.78","28.16K","0.59%"
"03/09/2018","72.61","72.67","72.79","72.46","31.83K","-0.62%"
"03/08/2018","73.06","72.82","73.23","72.82","17.78K","0.51%"
"03/07/2018","72.69","72.99","73.01","72.65","22.51K","-0.03%"
"03/06/2018","72.71","72.84","73.08","72.70","37.68K","0.07%"
"03/05/2018","72.66","73.06","73.13","72.41","440.36K","-0.23%"
"03/02/2018","72.83","73.20","73.27","72.71","36.24K","-0.86%"
"03/01/2018","73.46","72.93","73.56","72.67","54.76K","0.52%"
"02/28/2018","73.08","72.95","73.11","72.81","77.55K","0.63%"
"02/27/2018","72.62","72.95","73.08","72.27","55.83K","-0.19%"
"02/26/2018","72.76","73.02","73.21","72.73","35.70K","0.10%"
"02/23/2018","72.69","72.63","72.82","72.41","17.63K","0.85%"
"02/22/2018","72.08","72.20","72.42","72.05","56.62K","0.25%"
"02/21/2018","71.90","72.83","72.83","71.85","80.83K","-1.24%"
"02/20/2018","72.80","72.96","72.96","72.55","54.25K","-0.36%"
"02/16/2018","73.06","73.21","73.33","72.85","99.65K","0.45%"
"02/15/2018","72.73","72.76","73.15","72.68","219.05K","0.39%"
"02/14/2018","72.45","72.95","73.00","72.32","55.18K","-0.98%"
"02/13/2018","73.17","73.01","73.23","72.89","119.13K","0.30%"
"02/12/2018","72.95","72.99","73.30","72.75","86.02K","0.52%"
"02/09/2018","72.57","72.63","73.14","72.51","159.20K","-0.62%"
"02/08/2018","73.02","72.68","73.33","72.59","128.15K","-0.08%"
"02/07/2018","73.08","73.86","74.00","72.97","143.65K","-0.90%"
"02/06/2018","73.74","73.90","74.35","73.59","793.39K","-0.79%"
"02/05/2018","74.33","73.40","74.79","72.57","877.27K","1.02%"
"02/02/2018","73.58","74.00","74.10","73.39","256.50K","-0.98%"
"02/01/2018","74.31","75.40","75.41","74.26","145.01K","-1.59%"
"01/31/2018","75.51","75.53","75.59","75.04","126.66K","0.52%"
"01/30/2018","75.12","75.28","75.38","74.95","679.57K","-0.63%"
"01/29/2018","75.60","75.69","75.69","75.29","757.21K","-0.37%"
"01/26/2018","75.88","76.18","76.20","75.70","50.85K","-0.46%"
"01/25/2018","76.23","75.77","76.28","75.54","54.28K","0.81%"
"01/24/2018","75.62","75.59","75.67","75.35","39.36K","-0.54%"
"01/23/2018","76.03","76.10","76.30","75.81","30.20K","0.41%"
"01/22/2018","75.72","75.94","76.09","75.62","69.22K","0.09%"
"01/19/2018","75.65","75.90","75.98","75.63","66.75K","-0.50%"
"01/18/2018","76.03","76.21","76.38","75.94","51.81K","-0.91%"
"01/17/2018","76.73","76.87","77.19","76.59","115.14K","-0.18%"
"01/16/2018","76.87","77.02","77.02","76.62","100.73K","0.38%"
"01/12/2018","76.58","76.29","76.71","76.24","56.43K","0.18%"
"01/11/2018","76.44","76.03","76.57","75.88","166.94K","0.37%"
"01/10/2018","76.16","75.53","76.25","75.47","146.71K","-0.04%"
"01/09/2018","76.19","76.76","76.76","76.17","76.43K","-1.31%"
"01/08/2018","77.20","77.45","77.50","77.03","99.20K","-0.10%"
"01/05/2018","77.28","77.39","77.59","77.11","76.09K","-0.32%"
"01/04/2018","77.53","77.23","77.55","77.09","591.45K","0.05%"
"01/03/2018","77.49","77.47","77.58","77.17","34.30K","0.40%"